Skills,Interest,Personality,Education_Level,Recommended_Career
SEO; Content Writing,Designing,Logical,Diploma,Digital Marketer
Email Marketing; Branding,Designing,Social,Diploma,Digital Marketer
Git; GitHub,Cloud Computing,Creative,PG,Software Engineer
Linux; Bash; DevOps,Marketing,Creative,UG,DevOps Engineer
Photoshop; Illustrator,Data Analysis,Creative,PG,UI/UX Designer
Azure; Cloud Security,Designing,Logical,PG,Cloud Engineer
Google Ads; Analytics,App Development,Creative,PG,Digital Marketer
NextJS; JavaScript,Marketing,Social,Diploma,Web Developer
Social Media Marketing,Cloud Computing,Logical,Diploma,Digital Marketer
HTML; CSS; JavaScript,Designing,Creative,UG,Web Developer
Docker; Kubernetes,Machine Learning,Logical,UG,DevOps Engineer
NextJS; JavaScript,Marketing,Logical,UG,Web Developer
Google Ads; Analytics,Programming,Logical,Diploma,Digital Marketer
Android; Flutter,Mobile Development,Social,PG,Mobile App Developer
Linux; Bash; DevOps,Machine Learning,Creative,Diploma,DevOps Engineer
CI/CD; Jenkins,Data Analysis,Logical,PG,DevOps Engineer
Java; Spring,Data Analysis,Creative,Diploma,Software Engineer
Figma; Prototyping,Web Development,Analytical,Diploma,UI/UX Designer
AWS; Cloud,Data Analysis,Logical,PG,Cloud Engineer
Statistics; Python,Designing,Social,UG,Data Scientist
Android; Kotlin,Web Development,Creative,Diploma,Android Developer
Python; Data Analysis,App Development,Logical,Diploma,Data Scientist
Flutter; Dart,Programming,Logical,PG,Mobile App Developer
Canva; UI Design,Data Analysis,Creative,PG,UI/UX Designer
React; NodeJS,Cloud Computing,Creative,Diploma,Web Developer
Figma; Prototyping,Mobile Development,Social,PG,UI/UX Designer
React; NodeJS,DevOps,Logical,Diploma,Web Developer
C++; DSA,Data Analysis,Analytical,UG,Software Engineer
Python; SQL; PowerBI,Programming,Logical,Diploma,Data Scientist
Docker; Kubernetes,Cloud Computing,Creative,UG,DevOps Engineer
Android; Flutter,Marketing,Analytical,PG,Mobile App Developer
Python; OOP,Cloud Computing,Social,UG,Software Engineer
Docker; Kubernetes,App Development,Creative,Diploma,DevOps Engineer
Machine Learning; Python,Mobile Development,Social,Diploma,Data Scientist
Android Studio; Kotlin,Designing,Creative,Diploma,Android Developer
Linux; Bash; DevOps,Data Analysis,Logical,UG,DevOps Engineer
Java; Android,Cloud Computing,Logical,Diploma,Android Developer
Canva; UI Design,Mobile Development,Social,UG,UI/UX Designer
Python; Pandas; NumPy,DevOps,Logical,PG,Data Scientist
Python; ML Algorithms,Machine Learning,Analytical,UG,ML Engineer
Flutter; Dart,DevOps,Creative,Diploma,Mobile App Developer
C++; DSA,Programming,Creative,UG,Software Engineer
CI/CD; Jenkins,Designing,Creative,Diploma,DevOps Engineer
Java; Android,Web Development,Creative,Diploma,Android Developer
Python; Data Analysis,Programming,Logical,UG,Data Scientist
Statistics; Python,Data Analysis,Logical,Diploma,Data Scientist
GCP; Cloud Architecture,Mobile Development,Social,Diploma,Cloud Engineer
Android; Kotlin,Programming,Social,Diploma,Android Developer
Docker; Kubernetes,Designing,Analytical,PG,DevOps Engineer
Android; Kotlin,App Development,Analytical,PG,Android Developer
Docker; Kubernetes,Designing,Analytical,PG,DevOps Engineer
React Native; JavaScript,Machine Learning,Logical,Diploma,Mobile App Developer
Email Marketing; Branding,Machine Learning,Creative,Diploma,Digital Marketer
Android; Flutter,Designing,Logical,Diploma,Mobile App Developer
Android Studio; Kotlin,Cloud Computing,Logical,PG,Android Developer
Android Studio; Kotlin,Programming,Logical,UG,Android Developer
Flutter; Dart,Mobile Development,Social,Diploma,Mobile App Developer
PyTorch; Neural Networks,Machine Learning,Social,Diploma,ML Engineer
Java; Android,Machine Learning,Logical,PG,Android Developer
Java; Android,Data Analysis,Analytical,UG,Android Developer
Python; SQL; PowerBI,DevOps,Creative,UG,Data Scientist
Git; GitHub,Marketing,Analytical,UG,Software Engineer
Azure; Cloud Security,App Development,Analytical,PG,Cloud Engineer
Machine Learning; Python,Machine Learning,Creative,Diploma,Data Scientist
Python; Data Analysis,Web Development,Logical,UG,Data Scientist
Git; GitHub,Web Development,Analytical,PG,Software Engineer
React Native; JavaScript,Machine Learning,Creative,UG,Mobile App Developer
Python; OOP,App Development,Logical,Diploma,Software Engineer
GCP; Cloud Architecture,Designing,Creative,Diploma,Cloud Engineer
CI/CD; Jenkins,DevOps,Analytical,UG,DevOps Engineer
Deep Learning; Python,Data Analysis,Social,PG,ML Engineer
SEO; Content Writing,Marketing,Analytical,Diploma,Digital Marketer
Android; Kotlin,Marketing,Analytical,UG,Android Developer
HTML; CSS; JavaScript,Data Analysis,Social,UG,Web Developer
Deep Learning; Python,Web Development,Creative,PG,ML Engineer
HTML; CSS; JavaScript,Mobile Development,Analytical,Diploma,Web Developer
Photoshop; Illustrator,Web Development,Social,UG,UI/UX Designer
PyTorch; Neural Networks,Data Analysis,Social,PG,ML Engineer
Android; Flutter,Designing,Creative,Diploma,Mobile App Developer
MERN Stack,Data Analysis,Analytical,Diploma,Web Developer
Android Studio; Kotlin,Programming,Logical,PG,Android Developer
Flutter; Dart,Marketing,Logical,PG,Mobile App Developer
C++; DSA,Programming,Analytical,PG,Software Engineer
Flutter; Dart,Web Development,Analytical,UG,Mobile App Developer
Android Studio; Kotlin,DevOps,Social,PG,Android Developer
Android; Kotlin,Cloud Computing,Creative,UG,Android Developer
AWS; Cloud,Machine Learning,Analytical,PG,Cloud Engineer
PyTorch; Neural Networks,Mobile Development,Social,UG,ML Engineer
Figma; Prototyping,Marketing,Logical,PG,UI/UX Designer
Android; Flutter,Data Analysis,Creative,PG,Mobile App Developer
Azure; Cloud Security,Programming,Creative,PG,Cloud Engineer
Java; Spring,Programming,Logical,UG,Software Engineer
Android; Flutter,Programming,Analytical,PG,Mobile App Developer
Linux; Bash; DevOps,Web Development,Analytical,Diploma,DevOps Engineer
MERN Stack,Data Analysis,Analytical,UG,Web Developer
Wireframing; User Research,Machine Learning,Social,UG,UI/UX Designer
Figma; Prototyping,Cloud Computing,Analytical,UG,UI/UX Designer
MERN Stack,Cloud Computing,Social,Diploma,Web Developer
Python; OOP,DevOps,Creative,PG,Software Engineer
Git; GitHub,Cloud Computing,Creative,UG,Software Engineer
Python; Pandas; NumPy,Marketing,Analytical,UG,Data Scientist
Deep Learning; Python,Designing,Analytical,UG,ML Engineer
MERN Stack,App Development,Logical,UG,Web Developer
Android; Flutter,Web Development,Creative,Diploma,Mobile App Developer
NextJS; JavaScript,DevOps,Analytical,Diploma,Web Developer
CI/CD; Jenkins,Designing,Logical,Diploma,DevOps Engineer
PyTorch; Neural Networks,DevOps,Social,PG,ML Engineer
React Native; JavaScript,Designing,Logical,Diploma,Mobile App Developer
Social Media Marketing,Data Analysis,Creative,Diploma,Digital Marketer
Python; Pandas; NumPy,Data Analysis,Logical,UG,Data Scientist
Canva; UI Design,Mobile Development,Logical,UG,UI/UX Designer
Google Ads; Analytics,Designing,Creative,Diploma,Digital Marketer
React Native; JavaScript,Programming,Social,PG,Mobile App Developer
GCP; Cloud Architecture,Web Development,Analytical,UG,Cloud Engineer
Statistics; Python,Marketing,Social,Diploma,Data Scientist
Docker; Kubernetes,Mobile Development,Creative,PG,DevOps Engineer
Python; OOP,Marketing,Analytical,Diploma,Software Engineer
React Native; JavaScript,Designing,Analytical,PG,Mobile App Developer
Machine Learning; Python,Mobile Development,Analytical,PG,Data Scientist
Android Studio; Kotlin,DevOps,Social,UG,Android Developer
Android; Kotlin,Data Analysis,Logical,UG,Android Developer
PyTorch; Neural Networks,Mobile Development,Creative,UG,ML Engineer
Android Studio; Kotlin,Cloud Computing,Social,Diploma,Android Developer
Docker; Kubernetes,Programming,Analytical,UG,DevOps Engineer
CI/CD; Jenkins,Designing,Social,Diploma,DevOps Engineer
Deep Learning; Python,Data Analysis,Analytical,Diploma,ML Engineer
Android; Flutter,Web Development,Logical,Diploma,Mobile App Developer
CI/CD; Jenkins,Cloud Computing,Social,PG,DevOps Engineer
Google Ads; Analytics,Marketing,Analytical,UG,Digital Marketer
Python; Pandas; NumPy,Data Analysis,Logical,Diploma,Data Scientist
Statistics; Python,Programming,Social,PG,Data Scientist
Social Media Marketing,Programming,Logical,UG,Digital Marketer
Docker; Kubernetes,App Development,Creative,Diploma,DevOps Engineer
React; NodeJS,Marketing,Creative,PG,Web Developer
Android; Kotlin,Machine Learning,Logical,UG,Android Developer
Python; OOP,Designing,Social,Diploma,Software Engineer
HTML; CSS; JavaScript,Mobile Development,Creative,Diploma,Web Developer
Statistics; Python,App Development,Creative,PG,Data Scientist
Deep Learning; Python,Web Development,Creative,UG,ML Engineer
Canva; UI Design,Web Development,Analytical,PG,UI/UX Designer
Android; Flutter,App Development,Logical,UG,Mobile App Developer
Python; ML Algorithms,DevOps,Social,Diploma,ML Engineer
React; NodeJS,Mobile Development,Logical,Diploma,Web Developer
CI/CD; Jenkins,Mobile Development,Social,Diploma,DevOps Engineer
SEO; Content Writing,DevOps,Logical,UG,Digital Marketer
Deep Learning; Python,Web Development,Logical,PG,ML Engineer
Social Media Marketing,App Development,Social,UG,Digital Marketer
Android; Flutter,Mobile Development,Logical,UG,Mobile App Developer
CI/CD; Jenkins,App Development,Social,Diploma,DevOps Engineer
Java; Spring,Marketing,Analytical,PG,Software Engineer
Linux; Bash; DevOps,DevOps,Creative,PG,DevOps Engineer
Python; Pandas; NumPy,Web Development,Creative,PG,Data Scientist
Machine Learning; Python,Programming,Creative,Diploma,Data Scientist
Wireframing; User Research,Designing,Logical,Diploma,UI/UX Designer
SEO; Content Writing,Machine Learning,Creative,Diploma,Digital Marketer
Figma; Prototyping,App Development,Social,UG,UI/UX Designer
Git; GitHub,Programming,Creative,Diploma,Software Engineer
Python; Data Analysis,Web Development,Creative,Diploma,Data Scientist
Python; SQL; PowerBI,Machine Learning,Social,PG,Data Scientist
Python; Pandas; NumPy,App Development,Logical,Diploma,Data Scientist
Flutter; Dart,Cloud Computing,Logical,PG,Mobile App Developer
Linux; Bash; DevOps,Web Development,Creative,Diploma,DevOps Engineer
PyTorch; Neural Networks,Mobile Development,Social,UG,ML Engineer
Google Ads; Analytics,Mobile Development,Logical,UG,Digital Marketer
GCP; Cloud Architecture,DevOps,Creative,UG,Cloud Engineer
Email Marketing; Branding,App Development,Analytical,PG,Digital Marketer
Statistics; Python,Web Development,Creative,Diploma,Data Scientist
Figma; Prototyping,Data Analysis,Social,UG,UI/UX Designer
Git; GitHub,DevOps,Analytical,UG,Software Engineer
Android Studio; Kotlin,Programming,Analytical,PG,Android Developer
HTML; CSS; JavaScript,Marketing,Logical,PG,Web Developer
Python; Data Analysis,Designing,Social,PG,Data Scientist
React Native; JavaScript,Programming,Analytical,UG,Mobile App Developer
Linux; Bash; DevOps,App Development,Logical,PG,DevOps Engineer
Canva; UI Design,Cloud Computing,Logical,Diploma,UI/UX Designer
MERN Stack,Marketing,Logical,PG,Web Developer
AWS; Cloud,App Development,Social,Diploma,Cloud Engineer
Google Ads; Analytics,Web Development,Logical,UG,Digital Marketer
Java; Spring,Cloud Computing,Creative,Diploma,Software Engineer
MERN Stack,Designing,Creative,Diploma,Web Developer
HTML; CSS; JavaScript,Machine Learning,Social,UG,Web Developer
NextJS; JavaScript,Marketing,Creative,Diploma,Web Developer
Email Marketing; Branding,Programming,Logical,PG,Digital Marketer
Google Ads; Analytics,Designing,Creative,PG,Digital Marketer
Python; OOP,Web Development,Logical,Diploma,Software Engineer
Social Media Marketing,App Development,Analytical,PG,Digital Marketer
Email Marketing; Branding,DevOps,Creative,Diploma,Digital Marketer
SEO; Content Writing,Machine Learning,Creative,Diploma,Digital Marketer
Android Studio; Kotlin,DevOps,Social,UG,Android Developer
Email Marketing; Branding,App Development,Social,PG,Digital Marketer
Android; Flutter,App Development,Social,Diploma,Mobile App Developer
Wireframing; User Research,Programming,Creative,Diploma,UI/UX Designer
PyTorch; Neural Networks,Marketing,Logical,PG,ML Engineer
Canva; UI Design,Data Analysis,Social,Diploma,UI/UX Designer
Python; ML Algorithms,Marketing,Social,PG,ML Engineer
Python; SQL; PowerBI,Cloud Computing,Analytical,PG,Data Scientist
HTML; CSS; JavaScript,Designing,Logical,UG,Web Developer
React; NodeJS,Machine Learning,Social,UG,Web Developer
Android Studio; Kotlin,Cloud Computing,Analytical,Diploma,Android Developer
React Native; JavaScript,App Development,Social,PG,Mobile App Developer
Python; ML Algorithms,Web Development,Analytical,Diploma,ML Engineer
Azure; Cloud Security,Mobile Development,Analytical,Diploma,Cloud Engineer
MERN Stack,Marketing,Analytical,UG,Web Developer
Android; Kotlin,Programming,Logical,Diploma,Android Developer
Azure; Cloud Security,Designing,Social,PG,Cloud Engineer
Java; Android,Data Analysis,Analytical,PG,Android Developer
MERN Stack,Machine Learning,Analytical,Diploma,Web Developer
CI/CD; Jenkins,Designing,Social,Diploma,DevOps Engineer
Python; Data Analysis,Mobile Development,Creative,UG,Data Scientist
Docker; Kubernetes,Web Development,Analytical,PG,DevOps Engineer
Android; Flutter,Cloud Computing,Social,UG,Mobile App Developer
Deep Learning; Python,Programming,Social,PG,ML Engineer
Android; Flutter,Mobile Development,Creative,PG,Mobile App Developer
SEO; Content Writing,Cloud Computing,Logical,Diploma,Digital Marketer
Azure; Cloud Security,Mobile Development,Creative,PG,Cloud Engineer
Android Studio; Kotlin,Cloud Computing,Analytical,PG,Android Developer
Python; OOP,Marketing,Creative,PG,Software Engineer
Canva; UI Design,Web Development,Logical,Diploma,UI/UX Designer
Linux; Bash; DevOps,App Development,Analytical,UG,DevOps Engineer
Deep Learning; Python,Machine Learning,Analytical,UG,ML Engineer
Android Studio; Kotlin,Marketing,Creative,Diploma,Android Developer
React Native; JavaScript,Web Development,Social,Diploma,Mobile App Developer
NextJS; JavaScript,Data Analysis,Creative,PG,Web Developer
NextJS; JavaScript,Marketing,Logical,PG,Web Developer
Android Studio; Kotlin,Marketing,Logical,PG,Android Developer
Android; Flutter,Web Development,Logical,UG,Mobile App Developer
React Native; JavaScript,Designing,Logical,Diploma,Mobile App Developer
Canva; UI Design,Mobile Development,Creative,Diploma,UI/UX Designer
Canva; UI Design,Mobile Development,Creative,PG,UI/UX Designer
Social Media Marketing,App Development,Social,UG,Digital Marketer
Statistics; Python,Designing,Analytical,UG,Data Scientist
HTML; CSS; JavaScript,Machine Learning,Analytical,UG,Web Developer
React; NodeJS,Designing,Logical,UG,Web Developer
Android; Kotlin,Data Analysis,Logical,PG,Android Developer
AWS; Cloud,Mobile Development,Social,Diploma,Cloud Engineer
Social Media Marketing,Programming,Social,PG,Digital Marketer
Deep Learning; Python,Mobile Development,Analytical,Diploma,ML Engineer
GCP; Cloud Architecture,Cloud Computing,Social,UG,Cloud Engineer
Android; Flutter,Designing,Logical,PG,Mobile App Developer
Deep Learning; Python,Mobile Development,Logical,UG,ML Engineer
HTML; CSS; JavaScript,Programming,Social,Diploma,Web Developer
C++; DSA,Machine Learning,Logical,Diploma,Software Engineer
Canva; UI Design,Web Development,Creative,UG,UI/UX Designer
Android Studio; Kotlin,Mobile Development,Logical,PG,Android Developer
MERN Stack,DevOps,Social,Diploma,Web Developer
Statistics; Python,Programming,Analytical,Diploma,Data Scientist
HTML; CSS; JavaScript,App Development,Analytical,PG,Web Developer
Linux; Bash; DevOps,Cloud Computing,Analytical,UG,DevOps Engineer
Wireframing; User Research,DevOps,Logical,PG,UI/UX Designer
Python; Pandas; NumPy,Marketing,Logical,UG,Data Scientist
Figma; Prototyping,Web Development,Creative,UG,UI/UX Designer
Figma; Prototyping,Designing,Analytical,UG,UI/UX Designer
Android; Flutter,Programming,Social,Diploma,Mobile App Developer
NextJS; JavaScript,Mobile Development,Analytical,Diploma,Web Developer
Java; Spring,Machine Learning,Creative,PG,Software Engineer
React Native; JavaScript,Cloud Computing,Logical,PG,Mobile App Developer
Statistics; Python,Machine Learning,Logical,PG,Data Scientist
Docker; Kubernetes,Designing,Social,UG,DevOps Engineer
React; NodeJS,DevOps,Creative,PG,Web Developer
Google Ads; Analytics,DevOps,Creative,Diploma,Digital Marketer
Python; SQL; PowerBI,Designing,Social,UG,Data Scientist
React; NodeJS,Designing,Creative,UG,Web Developer
C++; DSA,DevOps,Creative,UG,Software Engineer
HTML; CSS; JavaScript,Data Analysis,Creative,PG,Web Developer
Social Media Marketing,Marketing,Social,Diploma,Digital Marketer
Docker; Kubernetes,Cloud Computing,Logical,UG,DevOps Engineer
Flutter; Dart,Mobile Development,Analytical,UG,Mobile App Developer
NextJS; JavaScript,Cloud Computing,Creative,Diploma,Web Developer
Wireframing; User Research,Web Development,Analytical,UG,UI/UX Designer
Python; OOP,Machine Learning,Creative,UG,Software Engineer
Python; ML Algorithms,Web Development,Creative,UG,ML Engineer
Deep Learning; Python,Mobile Development,Analytical,PG,ML Engineer
Python; SQL; PowerBI,DevOps,Analytical,UG,Data Scientist
Figma; Prototyping,Machine Learning,Social,Diploma,UI/UX Designer
Python; ML Algorithms,Designing,Creative,PG,ML Engineer
TensorFlow; Python,Machine Learning,Creative,Diploma,ML Engineer
MERN Stack,Machine Learning,Social,Diploma,Web Developer
C++; DSA,Designing,Analytical,PG,Software Engineer
CI/CD; Jenkins,Programming,Social,Diploma,DevOps Engineer
NextJS; JavaScript,Designing,Analytical,UG,Web Developer
Python; ML Algorithms,Mobile Development,Logical,PG,ML Engineer
Python; ML Algorithms,App Development,Analytical,PG,ML Engineer
Wireframing; User Research,Machine Learning,Logical,Diploma,UI/UX Designer
PyTorch; Neural Networks,Mobile Development,Analytical,Diploma,ML Engineer
Figma; Prototyping,Web Development,Analytical,Diploma,UI/UX Designer
Statistics; Python,Marketing,Creative,UG,Data Scientist
HTML; CSS; JavaScript,Data Analysis,Analytical,PG,Web Developer
C++; DSA,DevOps,Creative,Diploma,Software Engineer
Python; ML Algorithms,Designing,Logical,UG,ML Engineer
Android; Flutter,Web Development,Creative,Diploma,Mobile App Developer
Wireframing; User Research,DevOps,Social,PG,UI/UX Designer
Linux; Bash; DevOps,App Development,Social,UG,DevOps Engineer
PyTorch; Neural Networks,Web Development,Creative,UG,ML Engineer
Python; ML Algorithms,Mobile Development,Logical,Diploma,ML Engineer
Git; GitHub,Machine Learning,Social,Diploma,Software Engineer
Machine Learning; Python,App Development,Creative,UG,Data Scientist
NextJS; JavaScript,Data Analysis,Logical,PG,Web Developer
Python; ML Algorithms,Machine Learning,Analytical,Diploma,ML Engineer
C++; DSA,Data Analysis,Analytical,Diploma,Software Engineer
Statistics; Python,Marketing,Logical,PG,Data Scientist
C++; DSA,DevOps,Social,PG,Software Engineer
C++; DSA,App Development,Analytical,PG,Software Engineer
Android Studio; Kotlin,Programming,Social,PG,Android Developer
SEO; Content Writing,Marketing,Logical,UG,Digital Marketer
Android; Kotlin,Machine Learning,Logical,PG,Android Developer
Python; Pandas; NumPy,DevOps,Logical,PG,Data Scientist
Java; Android,Data Analysis,Creative,Diploma,Android Developer
Java; Android,Marketing,Logical,Diploma,Android Developer
Azure; Cloud Security,DevOps,Logical,PG,Cloud Engineer
Android; Kotlin,Designing,Social,PG,Android Developer
Android Studio; Kotlin,Designing,Creative,Diploma,Android Developer
AWS; Cloud,Cloud Computing,Creative,UG,Cloud Engineer
Figma; Prototyping,Machine Learning,Logical,Diploma,UI/UX Designer
PyTorch; Neural Networks,App Development,Social,UG,ML Engineer
MERN Stack,Machine Learning,Social,PG,Web Developer
Social Media Marketing,Data Analysis,Analytical,PG,Digital Marketer
Wireframing; User Research,Marketing,Creative,Diploma,UI/UX Designer
Python; OOP,Web Development,Creative,UG,Software Engineer
React Native; JavaScript,Programming,Analytical,Diploma,Mobile App Developer
Machine Learning; Python,Marketing,Social,PG,Data Scientist
Google Ads; Analytics,Marketing,Social,UG,Digital Marketer
CI/CD; Jenkins,Programming,Logical,Diploma,DevOps Engineer
Python; OOP,DevOps,Logical,PG,Software Engineer
Python; Data Analysis,DevOps,Creative,Diploma,Data Scientist
Photoshop; Illustrator,Web Development,Social,PG,UI/UX Designer
Email Marketing; Branding,Web Development,Social,UG,Digital Marketer
Flutter; Dart,Data Analysis,Creative,Diploma,Mobile App Developer
Docker; Kubernetes,Web Development,Logical,Diploma,DevOps Engineer
Python; Data Analysis,Programming,Creative,Diploma,Data Scientist
MERN Stack,DevOps,Social,PG,Web Developer
NextJS; JavaScript,Mobile Development,Logical,UG,Web Developer
Python; OOP,Designing,Logical,Diploma,Software Engineer
TensorFlow; Python,Machine Learning,Creative,Diploma,ML Engineer
Python; ML Algorithms,Designing,Logical,UG,ML Engineer
Canva; UI Design,Data Analysis,Social,UG,UI/UX Designer
Git; GitHub,DevOps,Social,PG,Software Engineer
Deep Learning; Python,Data Analysis,Analytical,PG,ML Engineer
Android; Kotlin,Cloud Computing,Analytical,UG,Android Developer
Deep Learning; Python,Web Development,Creative,UG,ML Engineer
HTML; CSS; JavaScript,Data Analysis,Creative,PG,Web Developer
Android; Flutter,Programming,Social,UG,Mobile App Developer
Azure; Cloud Security,DevOps,Analytical,UG,Cloud Engineer
Android Studio; Kotlin,DevOps,Logical,PG,Android Developer
TensorFlow; Python,Programming,Logical,PG,ML Engineer
SEO; Content Writing,DevOps,Creative,UG,Digital Marketer
Android; Flutter,Marketing,Analytical,UG,Mobile App Developer
Python; Data Analysis,Web Development,Analytical,Diploma,Data Scientist
Android; Flutter,Cloud Computing,Social,UG,Mobile App Developer
React; NodeJS,DevOps,Analytical,UG,Web Developer
CI/CD; Jenkins,Web Development,Social,PG,DevOps Engineer
Android Studio; Kotlin,Mobile Development,Creative,UG,Android Developer
Python; Pandas; NumPy,Web Development,Logical,PG,Data Scientist
SEO; Content Writing,DevOps,Creative,Diploma,Digital Marketer
Android; Flutter,Cloud Computing,Social,UG,Mobile App Developer
Python; SQL; PowerBI,Programming,Creative,UG,Data Scientist
Deep Learning; Python,App Development,Logical,PG,ML Engineer
HTML; CSS; JavaScript,Web Development,Social,UG,Web Developer
NextJS; JavaScript,Marketing,Creative,Diploma,Web Developer
Photoshop; Illustrator,Marketing,Logical,PG,UI/UX Designer
C++; DSA,App Development,Analytical,PG,Software Engineer
AWS; Cloud,Cloud Computing,Creative,UG,Cloud Engineer
TensorFlow; Python,Mobile Development,Analytical,PG,ML Engineer
Statistics; Python,App Development,Creative,PG,Data Scientist
Email Marketing; Branding,Programming,Logical,PG,Digital Marketer
Photoshop; Illustrator,Designing,Creative,Diploma,UI/UX Designer
Flutter; Dart,Designing,Analytical,Diploma,Mobile App Developer
GCP; Cloud Architecture,Data Analysis,Analytical,PG,Cloud Engineer
C++; DSA,Designing,Creative,Diploma,Software Engineer
Google Ads; Analytics,Machine Learning,Logical,PG,Digital Marketer
Figma; Prototyping,Machine Learning,Logical,Diploma,UI/UX Designer
Email Marketing; Branding,Web Development,Analytical,PG,Digital Marketer
Social Media Marketing,DevOps,Analytical,Diploma,Digital Marketer
Azure; Cloud Security,Web Development,Logical,PG,Cloud Engineer
Social Media Marketing,Mobile Development,Creative,UG,Digital Marketer
Android; Kotlin,App Development,Social,Diploma,Android Developer
TensorFlow; Python,Marketing,Creative,Diploma,ML Engineer
Email Marketing; Branding,App Development,Logical,PG,Digital Marketer
Git; GitHub,Machine Learning,Analytical,Diploma,Software Engineer
Java; Spring,Machine Learning,Analytical,PG,Software Engineer
C++; DSA,Designing,Creative,PG,Software Engineer
Flutter; Dart,Data Analysis,Creative,Diploma,Mobile App Developer
NextJS; JavaScript,App Development,Logical,PG,Web Developer
Java; Spring,Cloud Computing,Logical,PG,Software Engineer
Flutter; Dart,App Development,Social,UG,Mobile App Developer
Canva; UI Design,DevOps,Social,PG,UI/UX Designer
Canva; UI Design,Designing,Social,Diploma,UI/UX Designer
Java; Android,Designing,Creative,PG,Android Developer
React; NodeJS,Machine Learning,Logical,PG,Web Developer
C++; DSA,Web Development,Social,UG,Software Engineer
HTML; CSS; JavaScript,Machine Learning,Creative,UG,Web Developer
NextJS; JavaScript,DevOps,Creative,UG,Web Developer
Docker; Kubernetes,Data Analysis,Logical,Diploma,DevOps Engineer
NextJS; JavaScript,Cloud Computing,Creative,Diploma,Web Developer
PyTorch; Neural Networks,DevOps,Social,UG,ML Engineer
Social Media Marketing,Marketing,Analytical,UG,Digital Marketer
Android; Kotlin,Marketing,Logical,Diploma,Android Developer
Android; Kotlin,Marketing,Logical,Diploma,Android Developer
Flutter; Dart,Web Development,Analytical,UG,Mobile App Developer
Deep Learning; Python,Data Analysis,Analytical,Diploma,ML Engineer
React; NodeJS,Designing,Creative,Diploma,Web Developer
NextJS; JavaScript,DevOps,Analytical,UG,Web Developer
Git; GitHub,App Development,Analytical,PG,Software Engineer
Canva; UI Design,DevOps,Social,Diploma,UI/UX Designer
MERN Stack,Programming,Logical,UG,Web Developer
Azure; Cloud Security,Programming,Creative,PG,Cloud Engineer
GCP; Cloud Architecture,Cloud Computing,Social,Diploma,Cloud Engineer
Android; Flutter,Machine Learning,Analytical,Diploma,Mobile App Developer
Git; GitHub,Data Analysis,Logical,UG,Software Engineer
Photoshop; Illustrator,DevOps,Creative,UG,UI/UX Designer
SEO; Content Writing,Data Analysis,Social,Diploma,Digital Marketer
Android; Flutter,DevOps,Logical,PG,Mobile App Developer
C++; DSA,Designing,Social,Diploma,Software Engineer
Deep Learning; Python,Mobile Development,Creative,UG,ML Engineer
Java; Spring,App Development,Social,UG,Software Engineer
Python; OOP,Marketing,Creative,Diploma,Software Engineer
Deep Learning; Python,Marketing,Analytical,Diploma,ML Engineer
Google Ads; Analytics,Cloud Computing,Logical,UG,Digital Marketer
Android; Flutter,DevOps,Social,UG,Mobile App Developer
CI/CD; Jenkins,Designing,Social,PG,DevOps Engineer
Java; Spring,App Development,Logical,UG,Software Engineer
React; NodeJS,App Development,Analytical,UG,Web Developer
C++; DSA,DevOps,Creative,Diploma,Software Engineer
Social Media Marketing,Marketing,Social,Diploma,Digital Marketer
Java; Spring,Designing,Logical,UG,Software Engineer
C++; DSA,Mobile Development,Creative,Diploma,Software Engineer
Java; Spring,Marketing,Logical,Diploma,Software Engineer
Google Ads; Analytics,App Development,Logical,Diploma,Digital Marketer
HTML; CSS; JavaScript,Data Analysis,Creative,PG,Web Developer
GCP; Cloud Architecture,Cloud Computing,Logical,PG,Cloud Engineer
CI/CD; Jenkins,Machine Learning,Logical,UG,DevOps Engineer
Email Marketing; Branding,Programming,Logical,UG,Digital Marketer
Machine Learning; Python,Cloud Computing,Creative,PG,Data Scientist
Machine Learning; Python,Designing,Analytical,UG,Data Scientist
Social Media Marketing,Machine Learning,Analytical,PG,Digital Marketer
React; NodeJS,Web Development,Analytical,PG,Web Developer
SEO; Content Writing,Web Development,Social,PG,Digital Marketer
GCP; Cloud Architecture,Programming,Analytical,PG,Cloud Engineer
Python; Pandas; NumPy,Mobile Development,Creative,PG,Data Scientist
Canva; UI Design,App Development,Creative,UG,UI/UX Designer
C++; DSA,Cloud Computing,Social,Diploma,Software Engineer
Python; OOP,App Development,Social,Diploma,Software Engineer
Android Studio; Kotlin,Cloud Computing,Creative,UG,Android Developer
PyTorch; Neural Networks,Marketing,Logical,UG,ML Engineer
Machine Learning; Python,Cloud Computing,Analytical,UG,Data Scientist
Python; OOP,Mobile Development,Creative,PG,Software Engineer
Wireframing; User Research,Cloud Computing,Social,Diploma,UI/UX Designer
Python; SQL; PowerBI,Machine Learning,Creative,UG,Data Scientist
Android; Flutter,Marketing,Logical,PG,Mobile App Developer
Python; Data Analysis,Programming,Social,Diploma,Data Scientist
NextJS; JavaScript,Machine Learning,Analytical,Diploma,Web Developer
TensorFlow; Python,Machine Learning,Social,UG,ML Engineer
Android; Kotlin,Data Analysis,Logical,Diploma,Android Developer
CI/CD; Jenkins,Designing,Analytical,Diploma,DevOps Engineer
AWS; Cloud,App Development,Analytical,PG,Cloud Engineer
C++; DSA,Mobile Development,Analytical,Diploma,Software Engineer
React; NodeJS,Cloud Computing,Social,PG,Web Developer
Android; Kotlin,Designing,Logical,Diploma,Android Developer
Android; Kotlin,Programming,Logical,PG,Android Developer
Figma; Prototyping,DevOps,Analytical,UG,UI/UX Designer
Python; Pandas; NumPy,Marketing,Social,UG,Data Scientist
HTML; CSS; JavaScript,Programming,Social,PG,Web Developer
Machine Learning; Python,Designing,Logical,UG,Data Scientist
Android; Flutter,Mobile Development,Social,Diploma,Mobile App Developer
Azure; Cloud Security,Cloud Computing,Social,Diploma,Cloud Engineer
MERN Stack,Programming,Analytical,PG,Web Developer
Wireframing; User Research,Programming,Creative,UG,UI/UX Designer
Figma; Prototyping,Cloud Computing,Social,UG,UI/UX Designer
Social Media Marketing,DevOps,Analytical,PG,Digital Marketer
Email Marketing; Branding,Designing,Logical,Diploma,Digital Marketer
Android; Flutter,Data Analysis,Analytical,PG,Mobile App Developer
Deep Learning; Python,Designing,Logical,PG,ML Engineer
React; NodeJS,Machine Learning,Logical,Diploma,Web Developer
React Native; JavaScript,Designing,Social,Diploma,Mobile App Developer
Android; Kotlin,Mobile Development,Logical,Diploma,Android Developer
Photoshop; Illustrator,Web Development,Logical,PG,UI/UX Designer
Java; Android,Machine Learning,Creative,Diploma,Android Developer
GCP; Cloud Architecture,DevOps,Analytical,Diploma,Cloud Engineer
Linux; Bash; DevOps,Web Development,Creative,PG,DevOps Engineer
Python; Pandas; NumPy,Mobile Development,Analytical,UG,Data Scientist
Python; ML Algorithms,Machine Learning,Logical,Diploma,ML Engineer
Statistics; Python,DevOps,Social,PG,Data Scientist
Canva; UI Design,DevOps,Logical,UG,UI/UX Designer
Email Marketing; Branding,Programming,Analytical,UG,Digital Marketer
Email Marketing; Branding,App Development,Logical,PG,Digital Marketer
Java; Android,DevOps,Social,UG,Android Developer
NextJS; JavaScript,Designing,Analytical,Diploma,Web Developer
TensorFlow; Python,DevOps,Logical,Diploma,ML Engineer
React Native; JavaScript,Cloud Computing,Social,PG,Mobile App Developer
Wireframing; User Research,DevOps,Logical,Diploma,UI/UX Designer
Flutter; Dart,Designing,Analytical,PG,Mobile App Developer
Android Studio; Kotlin,Programming,Social,PG,Android Developer
Wireframing; User Research,Web Development,Social,UG,UI/UX Designer
NextJS; JavaScript,Data Analysis,Social,PG,Web Developer
Docker; Kubernetes,Marketing,Social,UG,DevOps Engineer
Statistics; Python,Cloud Computing,Logical,Diploma,Data Scientist
Statistics; Python,Designing,Creative,Diploma,Data Scientist
Python; ML Algorithms,Designing,Creative,UG,ML Engineer
React; NodeJS,Programming,Social,Diploma,Web Developer
AWS; Cloud,Web Development,Logical,Diploma,Cloud Engineer
Android Studio; Kotlin,Programming,Logical,UG,Android Developer
Android; Kotlin,App Development,Social,PG,Android Developer
Python; Pandas; NumPy,Web Development,Social,PG,Data Scientist
Flutter; Dart,Cloud Computing,Analytical,PG,Mobile App Developer
Azure; Cloud Security,DevOps,Analytical,UG,Cloud Engineer
Java; Android,Mobile Development,Logical,Diploma,Android Developer
Docker; Kubernetes,App Development,Analytical,Diploma,DevOps Engineer
HTML; CSS; JavaScript,Designing,Analytical,PG,Web Developer
Deep Learning; Python,Cloud Computing,Creative,Diploma,ML Engineer
Azure; Cloud Security,Marketing,Social,PG,Cloud Engineer
C++; DSA,Designing,Creative,UG,Software Engineer
Flutter; Dart,Programming,Logical,PG,Mobile App Developer
Android Studio; Kotlin,Mobile Development,Logical,Diploma,Android Developer
TensorFlow; Python,Data Analysis,Logical,PG,ML Engineer
Photoshop; Illustrator,Data Analysis,Analytical,PG,UI/UX Designer
AWS; Cloud,App Development,Social,PG,Cloud Engineer
Azure; Cloud Security,Programming,Creative,Diploma,Cloud Engineer
MERN Stack,Web Development,Logical,UG,Web Developer
Android; Flutter,App Development,Logical,PG,Mobile App Developer
React Native; JavaScript,Cloud Computing,Social,PG,Mobile App Developer
C++; DSA,DevOps,Creative,PG,Software Engineer
Docker; Kubernetes,Machine Learning,Logical,UG,DevOps Engineer
Photoshop; Illustrator,Programming,Social,UG,UI/UX Designer
Photoshop; Illustrator,Web Development,Social,UG,UI/UX Designer
Figma; Prototyping,Data Analysis,Analytical,PG,UI/UX Designer
PyTorch; Neural Networks,Cloud Computing,Logical,PG,ML Engineer
Photoshop; Illustrator,Data Analysis,Logical,Diploma,UI/UX Designer
Google Ads; Analytics,Web Development,Social,UG,Digital Marketer
React Native; JavaScript,Designing,Social,PG,Mobile App Developer
PyTorch; Neural Networks,Machine Learning,Social,PG,ML Engineer
CI/CD; Jenkins,Web Development,Social,Diploma,DevOps Engineer
GCP; Cloud Architecture,Designing,Analytical,Diploma,Cloud Engineer
Email Marketing; Branding,DevOps,Social,Diploma,Digital Marketer
Python; ML Algorithms,Mobile Development,Analytical,Diploma,ML Engineer
Git; GitHub,Marketing,Creative,Diploma,Software Engineer
CI/CD; Jenkins,Designing,Logical,UG,DevOps Engineer
Deep Learning; Python,Mobile Development,Logical,PG,ML Engineer
Wireframing; User Research,App Development,Creative,PG,UI/UX Designer
React Native; JavaScript,DevOps,Social,UG,Mobile App Developer
Python; ML Algorithms,DevOps,Social,PG,ML Engineer
Flutter; Dart,Data Analysis,Creative,PG,Mobile App Developer
React; NodeJS,Marketing,Creative,UG,Web Developer
Linux; Bash; DevOps,Marketing,Creative,Diploma,DevOps Engineer
SEO; Content Writing,Marketing,Analytical,PG,Digital Marketer
Java; Android,DevOps,Social,Diploma,Android Developer
Linux; Bash; DevOps,Mobile Development,Analytical,PG,DevOps Engineer
Machine Learning; Python,Programming,Social,Diploma,Data Scientist
C++; DSA,Cloud Computing,Social,UG,Software Engineer
Docker; Kubernetes,App Development,Logical,PG,DevOps Engineer
Social Media Marketing,Data Analysis,Creative,PG,Digital Marketer
React Native; JavaScript,Cloud Computing,Social,PG,Mobile App Developer
PyTorch; Neural Networks,Programming,Creative,Diploma,ML Engineer
Python; Data Analysis,Cloud Computing,Analytical,Diploma,Data Scientist
GCP; Cloud Architecture,Web Development,Logical,UG,Cloud Engineer
TensorFlow; Python,Mobile Development,Creative,UG,ML Engineer
Python; Data Analysis,Cloud Computing,Analytical,Diploma,Data Scientist
GCP; Cloud Architecture,Programming,Logical,Diploma,Cloud Engineer
Git; GitHub,Mobile Development,Analytical,Diploma,Software Engineer
Python; OOP,Web Development,Analytical,PG,Software Engineer
GCP; Cloud Architecture,Mobile Development,Social,Diploma,Cloud Engineer
Statistics; Python,DevOps,Logical,UG,Data Scientist
NextJS; JavaScript,Marketing,Social,PG,Web Developer
Android; Flutter,Marketing,Analytical,PG,Mobile App Developer
Photoshop; Illustrator,App Development,Social,Diploma,UI/UX Designer
Python; Data Analysis,Programming,Logical,UG,Data Scientist
Linux; Bash; DevOps,Web Development,Social,UG,DevOps Engineer
Machine Learning; Python,Machine Learning,Creative,Diploma,Data Scientist
React Native; JavaScript,App Development,Social,UG,Mobile App Developer
SEO; Content Writing,App Development,Social,Diploma,Digital Marketer
CI/CD; Jenkins,Cloud Computing,Social,UG,DevOps Engineer
Wireframing; User Research,DevOps,Analytical,UG,UI/UX Designer
TensorFlow; Python,Cloud Computing,Analytical,Diploma,ML Engineer
Azure; Cloud Security,Marketing,Analytical,UG,Cloud Engineer
GCP; Cloud Architecture,Web Development,Analytical,PG,Cloud Engineer
Docker; Kubernetes,Web Development,Logical,UG,DevOps Engineer
SEO; Content Writing,App Development,Social,PG,Digital Marketer
Statistics; Python,Marketing,Creative,Diploma,Data Scientist
NextJS; JavaScript,Web Development,Creative,Diploma,Web Developer
Email Marketing; Branding,Web Development,Social,UG,Digital Marketer
Azure; Cloud Security,Mobile Development,Analytical,UG,Cloud Engineer
Linux; Bash; DevOps,DevOps,Analytical,UG,DevOps Engineer
Python; SQL; PowerBI,Web Development,Logical,UG,Data Scientist
Linux; Bash; DevOps,Web Development,Analytical,UG,DevOps Engineer
Python; OOP,Marketing,Analytical,Diploma,Software Engineer
MERN Stack,DevOps,Analytical,Diploma,Web Developer
Canva; UI Design,Web Development,Analytical,PG,UI/UX Designer
Android; Flutter,Machine Learning,Analytical,PG,Mobile App Developer
Android Studio; Kotlin,Programming,Social,PG,Android Developer
Linux; Bash; DevOps,Machine Learning,Analytical,UG,DevOps Engineer
Flutter; Dart,Machine Learning,Creative,PG,Mobile App Developer
React Native; JavaScript,Cloud Computing,Analytical,UG,Mobile App Developer
Git; GitHub,Data Analysis,Social,Diploma,Software Engineer
GCP; Cloud Architecture,App Development,Social,PG,Cloud Engineer
Java; Android,App Development,Creative,Diploma,Android Developer
Android; Flutter,Programming,Analytical,PG,Mobile App Developer
AWS; Cloud,Mobile Development,Logical,Diploma,Cloud Engineer
AWS; Cloud,Data Analysis,Logical,PG,Cloud Engineer
Canva; UI Design,Web Development,Social,UG,UI/UX Designer
Canva; UI Design,Data Analysis,Analytical,PG,UI/UX Designer
SEO; Content Writing,Cloud Computing,Logical,PG,Digital Marketer
Java; Spring,Machine Learning,Analytical,UG,Software Engineer
C++; DSA,Data Analysis,Creative,Diploma,Software Engineer
AWS; Cloud,Designing,Analytical,Diploma,Cloud Engineer
TensorFlow; Python,Mobile Development,Creative,UG,ML Engineer
GCP; Cloud Architecture,Designing,Creative,PG,Cloud Engineer
Git; GitHub,Web Development,Logical,PG,Software Engineer
MERN Stack,Machine Learning,Analytical,Diploma,Web Developer
Wireframing; User Research,Cloud Computing,Analytical,UG,UI/UX Designer
Python; Pandas; NumPy,Web Development,Logical,PG,Data Scientist
Android Studio; Kotlin,Machine Learning,Social,PG,Android Developer
HTML; CSS; JavaScript,Designing,Social,Diploma,Web Developer
CI/CD; Jenkins,Designing,Social,PG,DevOps Engineer
Python; ML Algorithms,Data Analysis,Social,UG,ML Engineer
Linux; Bash; DevOps,Marketing,Logical,Diploma,DevOps Engineer
Social Media Marketing,App Development,Analytical,Diploma,Digital Marketer
Android; Kotlin,Marketing,Social,PG,Android Developer
Statistics; Python,Programming,Social,Diploma,Data Scientist
Java; Android,Web Development,Creative,UG,Android Developer
Figma; Prototyping,Web Development,Creative,PG,UI/UX Designer
Python; Pandas; NumPy,Programming,Creative,PG,Data Scientist
Docker; Kubernetes,Machine Learning,Analytical,PG,DevOps Engineer
Java; Spring,Marketing,Social,PG,Software Engineer
Docker; Kubernetes,Cloud Computing,Creative,PG,DevOps Engineer
TensorFlow; Python,App Development,Creative,UG,ML Engineer
CI/CD; Jenkins,Programming,Creative,UG,DevOps Engineer
Machine Learning; Python,Designing,Analytical,PG,Data Scientist
GCP; Cloud Architecture,Programming,Social,UG,Cloud Engineer
Python; OOP,DevOps,Social,PG,Software Engineer
CI/CD; Jenkins,App Development,Creative,PG,DevOps Engineer
Social Media Marketing,Designing,Analytical,PG,Digital Marketer
AWS; Cloud,Mobile Development,Social,UG,Cloud Engineer
SEO; Content Writing,Web Development,Analytical,UG,Digital Marketer
Figma; Prototyping,Designing,Analytical,UG,UI/UX Designer
AWS; Cloud,Machine Learning,Social,PG,Cloud Engineer
CI/CD; Jenkins,Mobile Development,Social,Diploma,DevOps Engineer
Python; ML Algorithms,DevOps,Analytical,Diploma,ML Engineer
Wireframing; User Research,Designing,Creative,UG,UI/UX Designer
Android; Kotlin,Designing,Analytical,UG,Android Developer
Figma; Prototyping,App Development,Social,PG,UI/UX Designer
Social Media Marketing,Machine Learning,Creative,Diploma,Digital Marketer
Azure; Cloud Security,Marketing,Analytical,UG,Cloud Engineer
Photoshop; Illustrator,Marketing,Analytical,Diploma,UI/UX Designer
Python; ML Algorithms,Cloud Computing,Analytical,UG,ML Engineer
PyTorch; Neural Networks,Web Development,Social,UG,ML Engineer
Wireframing; User Research,Web Development,Creative,UG,UI/UX Designer
Azure; Cloud Security,Mobile Development,Analytical,PG,Cloud Engineer
Google Ads; Analytics,Cloud Computing,Creative,UG,Digital Marketer
Python; Pandas; NumPy,Cloud Computing,Analytical,Diploma,Data Scientist
NextJS; JavaScript,Marketing,Logical,PG,Web Developer
Photoshop; Illustrator,App Development,Logical,Diploma,UI/UX Designer
Python; OOP,Mobile Development,Social,UG,Software Engineer
React Native; JavaScript,Mobile Development,Social,Diploma,Mobile App Developer
Java; Android,App Development,Creative,Diploma,Android Developer
Azure; Cloud Security,Data Analysis,Logical,PG,Cloud Engineer
Wireframing; User Research,Data Analysis,Creative,Diploma,UI/UX Designer
HTML; CSS; JavaScript,Web Development,Analytical,Diploma,Web Developer
Python; OOP,Designing,Analytical,PG,Software Engineer
Java; Android,Machine Learning,Creative,UG,Android Developer
CI/CD; Jenkins,Marketing,Analytical,Diploma,DevOps Engineer
Deep Learning; Python,App Development,Analytical,UG,ML Engineer
Java; Spring,Web Development,Analytical,UG,Software Engineer
GCP; Cloud Architecture,Marketing,Logical,Diploma,Cloud Engineer
Linux; Bash; DevOps,Programming,Logical,UG,DevOps Engineer
Linux; Bash; DevOps,Data Analysis,Social,UG,DevOps Engineer
Statistics; Python,Machine Learning,Social,Diploma,Data Scientist
Deep Learning; Python,Marketing,Creative,UG,ML Engineer
Azure; Cloud Security,Designing,Social,PG,Cloud Engineer
CI/CD; Jenkins,Programming,Social,Diploma,DevOps Engineer
Java; Spring,Data Analysis,Logical,UG,Software Engineer
Git; GitHub,Data Analysis,Creative,UG,Software Engineer
Statistics; Python,Mobile Development,Creative,UG,Data Scientist
GCP; Cloud Architecture,Machine Learning,Analytical,UG,Cloud Engineer
NextJS; JavaScript,Designing,Social,Diploma,Web Developer
React; NodeJS,Marketing,Logical,UG,Web Developer
Python; Pandas; NumPy,App Development,Social,PG,Data Scientist
C++; DSA,Cloud Computing,Creative,Diploma,Software Engineer
Android; Kotlin,Data Analysis,Social,UG,Android Developer
Java; Android,Machine Learning,Logical,UG,Android Developer
Machine Learning; Python,Designing,Creative,PG,Data Scientist
Flutter; Dart,App Development,Social,PG,Mobile App Developer
CI/CD; Jenkins,Programming,Creative,UG,DevOps Engineer
Python; Pandas; NumPy,Designing,Social,Diploma,Data Scientist
AWS; Cloud,Data Analysis,Creative,PG,Cloud Engineer
Flutter; Dart,Mobile Development,Creative,Diploma,Mobile App Developer
Android Studio; Kotlin,Marketing,Logical,UG,Android Developer
Linux; Bash; DevOps,Web Development,Logical,PG,DevOps Engineer
Flutter; Dart,App Development,Logical,PG,Mobile App Developer
Python; Data Analysis,Data Analysis,Creative,Diploma,Data Scientist
Flutter; Dart,Cloud Computing,Analytical,UG,Mobile App Developer
Flutter; Dart,Designing,Analytical,UG,Mobile App Developer
Python; OOP,Data Analysis,Creative,UG,Software Engineer
Figma; Prototyping,Designing,Social,UG,UI/UX Designer
Android; Flutter,Designing,Analytical,UG,Mobile App Developer
React Native; JavaScript,Machine Learning,Analytical,Diploma,Mobile App Developer
Git; GitHub,Programming,Analytical,PG,Software Engineer
AWS; Cloud,Cloud Computing,Analytical,PG,Cloud Engineer
Python; SQL; PowerBI,Web Development,Social,PG,Data Scientist
Photoshop; Illustrator,Machine Learning,Social,PG,UI/UX Designer
Java; Android,Web Development,Logical,PG,Android Developer
Git; GitHub,App Development,Analytical,Diploma,Software Engineer
Java; Android,Marketing,Logical,Diploma,Android Developer
C++; DSA,App Development,Analytical,UG,Software Engineer
C++; DSA,Cloud Computing,Analytical,PG,Software Engineer
Java; Spring,DevOps,Social,PG,Software Engineer
GCP; Cloud Architecture,Designing,Logical,PG,Cloud Engineer
PyTorch; Neural Networks,Data Analysis,Social,PG,ML Engineer
Docker; Kubernetes,Marketing,Logical,Diploma,DevOps Engineer
Linux; Bash; DevOps,Designing,Creative,PG,DevOps Engineer
Android Studio; Kotlin,Designing,Logical,UG,Android Developer
Java; Spring,Designing,Analytical,PG,Software Engineer
Android Studio; Kotlin,Machine Learning,Social,UG,Android Developer
Azure; Cloud Security,Cloud Computing,Social,PG,Cloud Engineer
Figma; Prototyping,DevOps,Logical,PG,UI/UX Designer
Machine Learning; Python,App Development,Analytical,Diploma,Data Scientist
React; NodeJS,Web Development,Social,UG,Web Developer
Email Marketing; Branding,Mobile Development,Creative,PG,Digital Marketer
Flutter; Dart,App Development,Creative,PG,Mobile App Developer
React Native; JavaScript,Machine Learning,Social,UG,Mobile App Developer
Deep Learning; Python,DevOps,Social,Diploma,ML Engineer
AWS; Cloud,Programming,Analytical,UG,Cloud Engineer
Linux; Bash; DevOps,Mobile Development,Creative,PG,DevOps Engineer
TensorFlow; Python,Marketing,Analytical,Diploma,ML Engineer
SEO; Content Writing,Cloud Computing,Creative,UG,Digital Marketer
Android; Kotlin,Designing,Social,UG,Android Developer
SEO; Content Writing,Web Development,Social,PG,Digital Marketer
Android Studio; Kotlin,Machine Learning,Social,PG,Android Developer
GCP; Cloud Architecture,Cloud Computing,Creative,PG,Cloud Engineer
Java; Android,Marketing,Social,PG,Android Developer
MERN Stack,Web Development,Logical,PG,Web Developer
Flutter; Dart,Machine Learning,Creative,PG,Mobile App Developer
Deep Learning; Python,Designing,Logical,Diploma,ML Engineer
Python; ML Algorithms,Designing,Logical,UG,ML Engineer
Android; Kotlin,Designing,Analytical,Diploma,Android Developer
Linux; Bash; DevOps,Programming,Logical,PG,DevOps Engineer
Android Studio; Kotlin,Web Development,Logical,Diploma,Android Developer
Android; Flutter,App Development,Social,UG,Mobile App Developer
Machine Learning; Python,Machine Learning,Logical,PG,Data Scientist
Photoshop; Illustrator,Marketing,Creative,UG,UI/UX Designer
HTML; CSS; JavaScript,App Development,Analytical,PG,Web Developer
Android Studio; Kotlin,Programming,Analytical,Diploma,Android Developer
Email Marketing; Branding,Machine Learning,Analytical,Diploma,Digital Marketer
Social Media Marketing,Cloud Computing,Creative,PG,Digital Marketer
Python; SQL; PowerBI,Cloud Computing,Social,Diploma,Data Scientist
Machine Learning; Python,App Development,Social,PG,Data Scientist
CI/CD; Jenkins,Machine Learning,Social,Diploma,DevOps Engineer
Email Marketing; Branding,Web Development,Social,PG,Digital Marketer
Android; Kotlin,Mobile Development,Creative,Diploma,Android Developer
C++; DSA,Machine Learning,Social,Diploma,Software Engineer
Linux; Bash; DevOps,DevOps,Creative,UG,DevOps Engineer
PyTorch; Neural Networks,App Development,Creative,Diploma,ML Engineer
Social Media Marketing,Mobile Development,Logical,PG,Digital Marketer
Figma; Prototyping,Marketing,Creative,UG,UI/UX Designer
Python; SQL; PowerBI,App Development,Creative,UG,Data Scientist
HTML; CSS; JavaScript,Marketing,Social,PG,Web Developer
Google Ads; Analytics,Machine Learning,Social,UG,Digital Marketer
Azure; Cloud Security,Web Development,Creative,UG,Cloud Engineer
Photoshop; Illustrator,Designing,Logical,UG,UI/UX Designer
SEO; Content Writing,DevOps,Analytical,Diploma,Digital Marketer
CI/CD; Jenkins,Machine Learning,Analytical,PG,DevOps Engineer
Python; Data Analysis,Data Analysis,Logical,PG,Data Scientist
Azure; Cloud Security,Marketing,Social,PG,Cloud Engineer
React; NodeJS,Marketing,Logical,Diploma,Web Developer
MERN Stack,DevOps,Analytical,PG,Web Developer
GCP; Cloud Architecture,Marketing,Analytical,PG,Cloud Engineer
PyTorch; Neural Networks,DevOps,Social,Diploma,ML Engineer
Android; Flutter,Data Analysis,Social,UG,Mobile App Developer
React; NodeJS,Programming,Logical,Diploma,Web Developer
MERN Stack,Designing,Creative,PG,Web Developer
Deep Learning; Python,Designing,Social,UG,ML Engineer
Docker; Kubernetes,DevOps,Analytical,UG,DevOps Engineer
TensorFlow; Python,Machine Learning,Analytical,PG,ML Engineer
Statistics; Python,Mobile Development,Social,UG,Data Scientist
Git; GitHub,Designing,Social,UG,Software Engineer
Java; Spring,Designing,Social,UG,Software Engineer
Java; Spring,Mobile Development,Analytical,UG,Software Engineer
Canva; UI Design,Programming,Creative,Diploma,UI/UX Designer
HTML; CSS; JavaScript,Cloud Computing,Creative,UG,Web Developer
Android; Kotlin,DevOps,Creative,PG,Android Developer
React; NodeJS,Machine Learning,Social,PG,Web Developer
React Native; JavaScript,Web Development,Logical,UG,Mobile App Developer
Linux; Bash; DevOps,Marketing,Analytical,PG,DevOps Engineer
C++; DSA,Web Development,Analytical,PG,Software Engineer
MERN Stack,Mobile Development,Logical,UG,Web Developer
Android; Kotlin,Machine Learning,Logical,UG,Android Developer
Google Ads; Analytics,DevOps,Creative,PG,Digital Marketer
Deep Learning; Python,Designing,Creative,UG,ML Engineer
Java; Android,Mobile Development,Creative,PG,Android Developer
CI/CD; Jenkins,Web Development,Logical,PG,DevOps Engineer
CI/CD; Jenkins,Designing,Social,UG,DevOps Engineer
Linux; Bash; DevOps,Machine Learning,Social,PG,DevOps Engineer
SEO; Content Writing,Marketing,Analytical,PG,Digital Marketer
HTML; CSS; JavaScript,Mobile Development,Logical,UG,Web Developer
Android; Flutter,Web Development,Analytical,PG,Mobile App Developer
Android; Kotlin,DevOps,Creative,UG,Android Developer
GCP; Cloud Architecture,Web Development,Creative,UG,Cloud Engineer
NextJS; JavaScript,Cloud Computing,Creative,Diploma,Web Developer
Python; Pandas; NumPy,Designing,Logical,UG,Data Scientist
Deep Learning; Python,App Development,Logical,PG,ML Engineer
Android; Flutter,Mobile Development,Logical,PG,Mobile App Developer
Java; Spring,Web Development,Creative,Diploma,Software Engineer
Java; Android,Data Analysis,Social,Diploma,Android Developer
Java; Android,Machine Learning,Analytical,Diploma,Android Developer
C++; DSA,Machine Learning,Social,Diploma,Software Engineer
React Native; JavaScript,Machine Learning,Analytical,UG,Mobile App Developer
Machine Learning; Python,Programming,Creative,PG,Data Scientist
Wireframing; User Research,Machine Learning,Analytical,PG,UI/UX Designer
Java; Android,Data Analysis,Creative,UG,Android Developer
Python; ML Algorithms,App Development,Social,PG,ML Engineer
Social Media Marketing,Designing,Creative,UG,Digital Marketer
Android; Kotlin,Web Development,Creative,Diploma,Android Developer
NextJS; JavaScript,Cloud Computing,Analytical,Diploma,Web Developer
Linux; Bash; DevOps,DevOps,Logical,PG,DevOps Engineer
Figma; Prototyping,Data Analysis,Analytical,PG,UI/UX Designer
Python; Data Analysis,Designing,Logical,PG,Data Scientist
Android Studio; Kotlin,Cloud Computing,Logical,PG,Android Developer
Python; SQL; PowerBI,Cloud Computing,Creative,PG,Data Scientist
Wireframing; User Research,Mobile Development,Analytical,PG,UI/UX Designer
Git; GitHub,Marketing,Logical,UG,Software Engineer
Android; Flutter,App Development,Social,PG,Mobile App Developer
NextJS; JavaScript,Web Development,Logical,Diploma,Web Developer
Python; Pandas; NumPy,Mobile Development,Logical,UG,Data Scientist
Android; Kotlin,Machine Learning,Creative,UG,Android Developer
React Native; JavaScript,Machine Learning,Creative,UG,Mobile App Developer
Python; ML Algorithms,Designing,Logical,PG,ML Engineer
Docker; Kubernetes,App Development,Analytical,UG,DevOps Engineer
Social Media Marketing,Web Development,Analytical,UG,Digital Marketer
Linux; Bash; DevOps,Marketing,Logical,PG,DevOps Engineer
Statistics; Python,Machine Learning,Logical,PG,Data Scientist
PyTorch; Neural Networks,Designing,Social,Diploma,ML Engineer
Android Studio; Kotlin,DevOps,Creative,UG,Android Developer
Google Ads; Analytics,Web Development,Logical,PG,Digital Marketer
Flutter; Dart,Programming,Creative,PG,Mobile App Developer
Git; GitHub,Mobile Development,Logical,UG,Software Engineer
Python; ML Algorithms,Machine Learning,Analytical,UG,ML Engineer
React Native; JavaScript,DevOps,Creative,PG,Mobile App Developer
Python; SQL; PowerBI,App Development,Creative,UG,Data Scientist
SEO; Content Writing,Web Development,Logical,Diploma,Digital Marketer
Social Media Marketing,DevOps,Analytical,PG,Digital Marketer
Docker; Kubernetes,Mobile Development,Analytical,Diploma,DevOps Engineer
Docker; Kubernetes,Data Analysis,Analytical,UG,DevOps Engineer
Linux; Bash; DevOps,Cloud Computing,Analytical,UG,DevOps Engineer
Android Studio; Kotlin,Designing,Analytical,Diploma,Android Developer
Java; Android,Machine Learning,Logical,Diploma,Android Developer
Social Media Marketing,Data Analysis,Creative,Diploma,Digital Marketer
Docker; Kubernetes,Machine Learning,Analytical,Diploma,DevOps Engineer
AWS; Cloud,Mobile Development,Creative,Diploma,Cloud Engineer
React Native; JavaScript,App Development,Social,Diploma,Mobile App Developer
Python; OOP,Designing,Logical,Diploma,Software Engineer
CI/CD; Jenkins,App Development,Logical,Diploma,DevOps Engineer
Python; SQL; PowerBI,Machine Learning,Creative,Diploma,Data Scientist
PyTorch; Neural Networks,Machine Learning,Creative,PG,ML Engineer
GCP; Cloud Architecture,Programming,Analytical,Diploma,Cloud Engineer
PyTorch; Neural Networks,Mobile Development,Logical,UG,ML Engineer
Social Media Marketing,Cloud Computing,Analytical,Diploma,Digital Marketer
React Native; JavaScript,Programming,Logical,Diploma,Mobile App Developer
Linux; Bash; DevOps,Machine Learning,Analytical,PG,DevOps Engineer
GCP; Cloud Architecture,Cloud Computing,Analytical,Diploma,Cloud Engineer
Python; Pandas; NumPy,Programming,Social,Diploma,Data Scientist
Deep Learning; Python,Marketing,Creative,Diploma,ML Engineer
Azure; Cloud Security,Cloud Computing,Social,PG,Cloud Engineer
C++; DSA,Designing,Social,PG,Software Engineer
Python; ML Algorithms,Web Development,Social,Diploma,ML Engineer
NextJS; JavaScript,Data Analysis,Creative,UG,Web Developer
HTML; CSS; JavaScript,Programming,Creative,UG,Web Developer
PyTorch; Neural Networks,Machine Learning,Logical,PG,ML Engineer
Google Ads; Analytics,Cloud Computing,Creative,UG,Digital Marketer
MERN Stack,Machine Learning,Creative,Diploma,Web Developer
Android; Kotlin,DevOps,Analytical,Diploma,Android Developer
Azure; Cloud Security,Marketing,Creative,PG,Cloud Engineer
Python; Pandas; NumPy,Cloud Computing,Social,UG,Data Scientist
Email Marketing; Branding,App Development,Logical,Diploma,Digital Marketer
Git; GitHub,Mobile Development,Analytical,PG,Software Engineer
Flutter; Dart,Data Analysis,Social,PG,Mobile App Developer
Android; Flutter,Mobile Development,Logical,PG,Mobile App Developer
Deep Learning; Python,Marketing,Creative,Diploma,ML Engineer
Canva; UI Design,Web Development,Logical,Diploma,UI/UX Designer
SEO; Content Writing,Web Development,Creative,PG,Digital Marketer
HTML; CSS; JavaScript,DevOps,Logical,PG,Web Developer
Python; ML Algorithms,Machine Learning,Social,UG,ML Engineer
Docker; Kubernetes,Mobile Development,Analytical,Diploma,DevOps Engineer
Photoshop; Illustrator,DevOps,Logical,PG,UI/UX Designer
HTML; CSS; JavaScript,Web Development,Logical,UG,Web Developer
Git; GitHub,Machine Learning,Creative,Diploma,Software Engineer
Google Ads; Analytics,Marketing,Creative,UG,Digital Marketer
Android; Kotlin,App Development,Logical,PG,Android Developer
Figma; Prototyping,Web Development,Logical,PG,UI/UX Designer
Email Marketing; Branding,DevOps,Analytical,Diploma,Digital Marketer
AWS; Cloud,Designing,Analytical,PG,Cloud Engineer
React; NodeJS,Data Analysis,Creative,PG,Web Developer
Android Studio; Kotlin,Data Analysis,Logical,UG,Android Developer
GCP; Cloud Architecture,Mobile Development,Analytical,UG,Cloud Engineer
PyTorch; Neural Networks,Programming,Logical,PG,ML Engineer
Android; Flutter,Marketing,Social,Diploma,Mobile App Developer
Deep Learning; Python,Designing,Creative,PG,ML Engineer
Linux; Bash; DevOps,Designing,Logical,PG,DevOps Engineer
C++; DSA,DevOps,Social,PG,Software Engineer
TensorFlow; Python,Programming,Social,UG,ML Engineer
Docker; Kubernetes,Marketing,Creative,UG,DevOps Engineer
NextJS; JavaScript,Designing,Logical,Diploma,Web Developer
GCP; Cloud Architecture,Data Analysis,Analytical,PG,Cloud Engineer
Docker; Kubernetes,Mobile Development,Social,PG,DevOps Engineer
React Native; JavaScript,Machine Learning,Analytical,Diploma,Mobile App Developer
Android; Flutter,Designing,Analytical,Diploma,Mobile App Developer
NextJS; JavaScript,Programming,Creative,Diploma,Web Developer
GCP; Cloud Architecture,Mobile Development,Logical,UG,Cloud Engineer
AWS; Cloud,Cloud Computing,Creative,UG,Cloud Engineer
Wireframing; User Research,DevOps,Analytical,UG,UI/UX Designer
Statistics; Python,App Development,Logical,Diploma,Data Scientist
CI/CD; Jenkins,Designing,Creative,UG,DevOps Engineer
Docker; Kubernetes,Marketing,Logical,Diploma,DevOps Engineer
Canva; UI Design,Marketing,Creative,PG,UI/UX Designer
Canva; UI Design,Cloud Computing,Analytical,UG,UI/UX Designer
GCP; Cloud Architecture,Machine Learning,Logical,UG,Cloud Engineer
Deep Learning; Python,App Development,Social,PG,ML Engineer
Figma; Prototyping,Programming,Creative,PG,UI/UX Designer
Flutter; Dart,Cloud Computing,Creative,Diploma,Mobile App Developer
Google Ads; Analytics,Data Analysis,Social,UG,Digital Marketer
Android; Flutter,DevOps,Creative,UG,Mobile App Developer
C++; DSA,Machine Learning,Analytical,UG,Software Engineer
Android Studio; Kotlin,Designing,Social,UG,Android Developer
Email Marketing; Branding,Marketing,Creative,UG,Digital Marketer
React; NodeJS,Web Development,Analytical,PG,Web Developer
C++; DSA,Data Analysis,Creative,UG,Software Engineer
Deep Learning; Python,Web Development,Analytical,Diploma,ML Engineer
Flutter; Dart,Mobile Development,Social,UG,Mobile App Developer
Machine Learning; Python,Data Analysis,Logical,PG,Data Scientist
CI/CD; Jenkins,Cloud Computing,Analytical,UG,DevOps Engineer
Wireframing; User Research,Mobile Development,Analytical,PG,UI/UX Designer
Email Marketing; Branding,Machine Learning,Creative,UG,Digital Marketer
HTML; CSS; JavaScript,Machine Learning,Social,PG,Web Developer
Azure; Cloud Security,Mobile Development,Logical,PG,Cloud Engineer
NextJS; JavaScript,Web Development,Creative,PG,Web Developer
Statistics; Python,Mobile Development,Creative,Diploma,Data Scientist
CI/CD; Jenkins,Programming,Logical,PG,DevOps Engineer
Python; Data Analysis,Designing,Social,Diploma,Data Scientist
SEO; Content Writing,Designing,Logical,UG,Digital Marketer
Social Media Marketing,Mobile Development,Logical,UG,Digital Marketer
Python; OOP,Programming,Creative,Diploma,Software Engineer
Python; ML Algorithms,Designing,Logical,UG,ML Engineer
Photoshop; Illustrator,App Development,Analytical,Diploma,UI/UX Designer
NextJS; JavaScript,Marketing,Analytical,UG,Web Developer
Google Ads; Analytics,Mobile Development,Logical,PG,Digital Marketer
Android; Flutter,DevOps,Creative,Diploma,Mobile App Developer
C++; DSA,Web Development,Creative,UG,Software Engineer
Java; Android,Web Development,Logical,UG,Android Developer
Azure; Cloud Security,DevOps,Social,PG,Cloud Engineer
Azure; Cloud Security,Machine Learning,Social,UG,Cloud Engineer
Python; SQL; PowerBI,App Development,Creative,UG,Data Scientist
MERN Stack,Programming,Analytical,PG,Web Developer
Python; ML Algorithms,DevOps,Creative,UG,ML Engineer
Python; OOP,Machine Learning,Creative,PG,Software Engineer
React; NodeJS,App Development,Logical,UG,Web Developer
Android Studio; Kotlin,Designing,Social,Diploma,Android Developer
Git; GitHub,Designing,Social,UG,Software Engineer
CI/CD; Jenkins,Web Development,Analytical,Diploma,DevOps Engineer
Flutter; Dart,DevOps,Creative,UG,Mobile App Developer
Python; SQL; PowerBI,Data Analysis,Analytical,Diploma,Data Scientist
Canva; UI Design,Designing,Creative,Diploma,UI/UX Designer
AWS; Cloud,Web Development,Social,UG,Cloud Engineer
React Native; JavaScript,Designing,Logical,Diploma,Mobile App Developer
Python; OOP,Web Development,Social,PG,Software Engineer
Canva; UI Design,DevOps,Social,Diploma,UI/UX Designer
CI/CD; Jenkins,App Development,Logical,UG,DevOps Engineer
Wireframing; User Research,Web Development,Logical,PG,UI/UX Designer
MERN Stack,Data Analysis,Logical,PG,Web Developer
Linux; Bash; DevOps,Designing,Logical,UG,DevOps Engineer
SEO; Content Writing,Programming,Social,Diploma,Digital Marketer
Photoshop; Illustrator,App Development,Creative,UG,UI/UX Designer
React Native; JavaScript,Marketing,Creative,UG,Mobile App Developer
Java; Spring,Web Development,Creative,UG,Software Engineer
SEO; Content Writing,Data Analysis,Logical,PG,Digital Marketer
Flutter; Dart,Data Analysis,Logical,Diploma,Mobile App Developer
Python; ML Algorithms,Designing,Social,PG,ML Engineer
Python; OOP,Mobile Development,Creative,Diploma,Software Engineer
AWS; Cloud,Programming,Creative,Diploma,Cloud Engineer
Android Studio; Kotlin,Designing,Creative,Diploma,Android Developer
Social Media Marketing,Marketing,Logical,UG,Digital Marketer
Android; Kotlin,Marketing,Social,UG,Android Developer
Flutter; Dart,Data Analysis,Social,UG,Mobile App Developer
MERN Stack,DevOps,Logical,PG,Web Developer
Statistics; Python,Programming,Social,PG,Data Scientist
React; NodeJS,Data Analysis,Creative,Diploma,Web Developer
Email Marketing; Branding,Cloud Computing,Creative,UG,Digital Marketer
Java; Android,Data Analysis,Analytical,PG,Android Developer
AWS; Cloud,Cloud Computing,Logical,UG,Cloud Engineer
Android Studio; Kotlin,DevOps,Creative,Diploma,Android Developer
Flutter; Dart,Programming,Analytical,Diploma,Mobile App Developer
AWS; Cloud,Data Analysis,Social,UG,Cloud Engineer
Git; GitHub,Programming,Analytical,Diploma,Software Engineer
Machine Learning; Python,Mobile Development,Logical,UG,Data Scientist
React Native; JavaScript,Programming,Social,UG,Mobile App Developer
Android; Kotlin,App Development,Analytical,PG,Android Developer
Python; OOP,Cloud Computing,Social,PG,Software Engineer
Email Marketing; Branding,Marketing,Analytical,Diploma,Digital Marketer
Deep Learning; Python,Programming,Social,PG,ML Engineer
Android Studio; Kotlin,Machine Learning,Analytical,UG,Android Developer
Azure; Cloud Security,App Development,Analytical,Diploma,Cloud Engineer
Statistics; Python,Mobile Development,Social,PG,Data Scientist
GCP; Cloud Architecture,DevOps,Social,PG,Cloud Engineer
Google Ads; Analytics,Mobile Development,Creative,PG,Digital Marketer
Java; Spring,DevOps,Creative,PG,Software Engineer
PyTorch; Neural Networks,Marketing,Analytical,UG,ML Engineer
Google Ads; Analytics,Designing,Analytical,Diploma,Digital Marketer
Figma; Prototyping,Mobile Development,Social,PG,UI/UX Designer
Python; OOP,Data Analysis,Analytical,Diploma,Software Engineer
Python; OOP,Designing,Analytical,UG,Software Engineer
Android Studio; Kotlin,Data Analysis,Creative,Diploma,Android Developer
Social Media Marketing,Programming,Analytical,Diploma,Digital Marketer
CI/CD; Jenkins,Mobile Development,Logical,PG,DevOps Engineer
Android; Flutter,Machine Learning,Social,Diploma,Mobile App Developer
Azure; Cloud Security,DevOps,Analytical,Diploma,Cloud Engineer
Machine Learning; Python,Marketing,Logical,Diploma,Data Scientist
Android; Kotlin,Cloud Computing,Creative,PG,Android Developer
Java; Android,Programming,Creative,PG,Android Developer
Machine Learning; Python,Designing,Analytical,Diploma,Data Scientist
Docker; Kubernetes,Data Analysis,Social,PG,DevOps Engineer
Deep Learning; Python,Designing,Logical,PG,ML Engineer
Python; OOP,Mobile Development,Social,Diploma,Software Engineer
PyTorch; Neural Networks,Mobile Development,Creative,Diploma,ML Engineer
MERN Stack,Mobile Development,Logical,PG,Web Developer
Deep Learning; Python,Cloud Computing,Logical,UG,ML Engineer
Python; Pandas; NumPy,Designing,Logical,UG,Data Scientist
Git; GitHub,Web Development,Social,Diploma,Software Engineer
Email Marketing; Branding,DevOps,Social,PG,Digital Marketer
Photoshop; Illustrator,Marketing,Creative,PG,UI/UX Designer
React Native; JavaScript,Marketing,Logical,Diploma,Mobile App Developer
Python; ML Algorithms,Data Analysis,Social,PG,ML Engineer
React Native; JavaScript,Cloud Computing,Creative,UG,Mobile App Developer
TensorFlow; Python,Marketing,Logical,Diploma,ML Engineer
AWS; Cloud,DevOps,Social,Diploma,Cloud Engineer
React Native; JavaScript,App Development,Analytical,PG,Mobile App Developer
Linux; Bash; DevOps,Mobile Development,Analytical,Diploma,DevOps Engineer
Docker; Kubernetes,Mobile Development,Logical,UG,DevOps Engineer
Photoshop; Illustrator,Marketing,Logical,UG,UI/UX Designer
PyTorch; Neural Networks,Designing,Social,PG,ML Engineer
Canva; UI Design,Programming,Analytical,Diploma,UI/UX Designer
C++; DSA,Data Analysis,Social,PG,Software Engineer
React Native; JavaScript,DevOps,Analytical,PG,Mobile App Developer
Flutter; Dart,Web Development,Logical,UG,Mobile App Developer
Docker; Kubernetes,Data Analysis,Social,Diploma,DevOps Engineer
Java; Android,Mobile Development,Creative,Diploma,Android Developer
Android; Flutter,Marketing,Analytical,Diploma,Mobile App Developer
Machine Learning; Python,Machine Learning,Social,Diploma,Data Scientist
AWS; Cloud,Web Development,Social,Diploma,Cloud Engineer
TensorFlow; Python,Marketing,Logical,UG,ML Engineer
Machine Learning; Python,Web Development,Creative,Diploma,Data Scientist
AWS; Cloud,Designing,Social,UG,Cloud Engineer
Wireframing; User Research,Data Analysis,Social,PG,UI/UX Designer
Flutter; Dart,Programming,Creative,PG,Mobile App Developer
GCP; Cloud Architecture,Machine Learning,Analytical,PG,Cloud Engineer
Git; GitHub,Mobile Development,Analytical,PG,Software Engineer
C++; DSA,Machine Learning,Creative,Diploma,Software Engineer
HTML; CSS; JavaScript,Machine Learning,Analytical,Diploma,Web Developer
Java; Spring,Marketing,Creative,PG,Software Engineer
Java; Android,Marketing,Creative,UG,Android Developer
Linux; Bash; DevOps,Data Analysis,Logical,Diploma,DevOps Engineer
Linux; Bash; DevOps,Programming,Logical,PG,DevOps Engineer
CI/CD; Jenkins,Cloud Computing,Analytical,PG,DevOps Engineer
Android; Flutter,Programming,Creative,PG,Mobile App Developer
Java; Android,Designing,Social,Diploma,Android Developer
Wireframing; User Research,Data Analysis,Social,PG,UI/UX Designer
Android; Kotlin,Machine Learning,Creative,UG,Android Developer
Python; ML Algorithms,DevOps,Creative,UG,ML Engineer
Email Marketing; Branding,Web Development,Creative,PG,Digital Marketer
NextJS; JavaScript,DevOps,Social,PG,Web Developer
Azure; Cloud Security,Data Analysis,Social,PG,Cloud Engineer
Android; Kotlin,Machine Learning,Analytical,UG,Android Developer
Figma; Prototyping,Designing,Creative,UG,UI/UX Designer
Machine Learning; Python,Data Analysis,Social,PG,Data Scientist
CI/CD; Jenkins,Data Analysis,Analytical,PG,DevOps Engineer
Java; Spring,Data Analysis,Creative,Diploma,Software Engineer
Android; Kotlin,Mobile Development,Creative,PG,Android Developer
Android; Kotlin,Mobile Development,Creative,Diploma,Android Developer
Python; ML Algorithms,Mobile Development,Logical,UG,ML Engineer
NextJS; JavaScript,DevOps,Creative,UG,Web Developer
PyTorch; Neural Networks,Designing,Logical,PG,ML Engineer
CI/CD; Jenkins,Web Development,Logical,UG,DevOps Engineer
Linux; Bash; DevOps,Designing,Social,Diploma,DevOps Engineer
Android Studio; Kotlin,Cloud Computing,Social,Diploma,Android Developer
NextJS; JavaScript,Data Analysis,Analytical,UG,Web Developer
Statistics; Python,Web Development,Analytical,PG,Data Scientist
TensorFlow; Python,Mobile Development,Social,UG,ML Engineer
Social Media Marketing,Marketing,Analytical,UG,Digital Marketer
Android; Flutter,Data Analysis,Creative,PG,Mobile App Developer
Python; ML Algorithms,Mobile Development,Analytical,UG,ML Engineer
Python; Data Analysis,Marketing,Logical,Diploma,Data Scientist
Email Marketing; Branding,Programming,Analytical,UG,Digital Marketer
Deep Learning; Python,Data Analysis,Analytical,Diploma,ML Engineer
Wireframing; User Research,Designing,Analytical,PG,UI/UX Designer
Python; Data Analysis,Data Analysis,Logical,Diploma,Data Scientist
Android; Flutter,Machine Learning,Creative,PG,Mobile App Developer
Email Marketing; Branding,App Development,Creative,UG,Digital Marketer
Linux; Bash; DevOps,Programming,Analytical,Diploma,DevOps Engineer
Social Media Marketing,Web Development,Logical,Diploma,Digital Marketer
Linux; Bash; DevOps,Mobile Development,Logical,PG,DevOps Engineer
Google Ads; Analytics,Designing,Logical,PG,Digital Marketer
Linux; Bash; DevOps,Web Development,Logical,UG,DevOps Engineer
Python; ML Algorithms,App Development,Social,UG,ML Engineer
Python; OOP,Data Analysis,Social,PG,Software Engineer
Statistics; Python,App Development,Social,PG,Data Scientist
Figma; Prototyping,Designing,Analytical,UG,UI/UX Designer
CI/CD; Jenkins,Cloud Computing,Logical,PG,DevOps Engineer
HTML; CSS; JavaScript,Designing,Logical,UG,Web Developer
Email Marketing; Branding,App Development,Creative,PG,Digital Marketer
TensorFlow; Python,Marketing,Analytical,PG,ML Engineer
Social Media Marketing,Programming,Logical,Diploma,Digital Marketer
Git; GitHub,Web Development,Creative,PG,Software Engineer
Statistics; Python,Programming,Creative,Diploma,Data Scientist
Google Ads; Analytics,Programming,Logical,Diploma,Digital Marketer
C++; DSA,Mobile Development,Logical,Diploma,Software Engineer
TensorFlow; Python,Data Analysis,Social,UG,ML Engineer
GCP; Cloud Architecture,Web Development,Analytical,UG,Cloud Engineer
Email Marketing; Branding,DevOps,Logical,PG,Digital Marketer
Android Studio; Kotlin,Programming,Creative,Diploma,Android Developer
Git; GitHub,DevOps,Creative,Diploma,Software Engineer
Python; Pandas; NumPy,Machine Learning,Logical,UG,Data Scientist
Android Studio; Kotlin,Cloud Computing,Logical,Diploma,Android Developer
AWS; Cloud,Marketing,Logical,PG,Cloud Engineer
Java; Spring,Cloud Computing,Creative,Diploma,Software Engineer
PyTorch; Neural Networks,Designing,Social,Diploma,ML Engineer
Google Ads; Analytics,Web Development,Creative,PG,Digital Marketer
React Native; JavaScript,Web Development,Social,UG,Mobile App Developer
Deep Learning; Python,Machine Learning,Creative,PG,ML Engineer
Docker; Kubernetes,App Development,Logical,UG,DevOps Engineer
Deep Learning; Python,Data Analysis,Social,Diploma,ML Engineer
Java; Android,Marketing,Logical,PG,Android Developer
Java; Spring,Designing,Creative,PG,Software Engineer
Email Marketing; Branding,Cloud Computing,Analytical,UG,Digital Marketer
CI/CD; Jenkins,Designing,Logical,Diploma,DevOps Engineer
AWS; Cloud,App Development,Social,UG,Cloud Engineer
React Native; JavaScript,Data Analysis,Logical,PG,Mobile App Developer
Linux; Bash; DevOps,Mobile Development,Social,UG,DevOps Engineer
Deep Learning; Python,Programming,Social,UG,ML Engineer
MERN Stack,Cloud Computing,Creative,PG,Web Developer
React Native; JavaScript,Programming,Logical,UG,Mobile App Developer
Deep Learning; Python,DevOps,Logical,PG,ML Engineer
Linux; Bash; DevOps,Cloud Computing,Creative,Diploma,DevOps Engineer
Android; Kotlin,Mobile Development,Social,PG,Android Developer
CI/CD; Jenkins,Cloud Computing,Logical,UG,DevOps Engineer
Python; Data Analysis,Web Development,Analytical,Diploma,Data Scientist
Python; ML Algorithms,Marketing,Creative,UG,ML Engineer
Photoshop; Illustrator,Data Analysis,Social,UG,UI/UX Designer
React; NodeJS,Cloud Computing,Analytical,UG,Web Developer
GCP; Cloud Architecture,Data Analysis,Creative,UG,Cloud Engineer
Java; Android,Programming,Social,PG,Android Developer
React; NodeJS,Programming,Social,UG,Web Developer
Python; SQL; PowerBI,Programming,Social,Diploma,Data Scientist
Social Media Marketing,DevOps,Creative,PG,Digital Marketer
PyTorch; Neural Networks,DevOps,Analytical,Diploma,ML Engineer
Email Marketing; Branding,Data Analysis,Creative,PG,Digital Marketer
Android; Flutter,Machine Learning,Social,PG,Mobile App Developer
Android Studio; Kotlin,Marketing,Creative,UG,Android Developer
Java; Spring,DevOps,Social,UG,Software Engineer
Java; Android,Designing,Creative,UG,Android Developer
Docker; Kubernetes,App Development,Analytical,Diploma,DevOps Engineer
Canva; UI Design,Marketing,Social,Diploma,UI/UX Designer
NextJS; JavaScript,Cloud Computing,Creative,UG,Web Developer
Python; OOP,App Development,Creative,UG,Software Engineer
Flutter; Dart,Cloud Computing,Analytical,Diploma,Mobile App Developer
Android Studio; Kotlin,Cloud Computing,Creative,UG,Android Developer
PyTorch; Neural Networks,Mobile Development,Social,PG,ML Engineer
Google Ads; Analytics,App Development,Analytical,Diploma,Digital Marketer
PyTorch; Neural Networks,Cloud Computing,Creative,Diploma,ML Engineer
Python; ML Algorithms,Designing,Creative,Diploma,ML Engineer
Android; Flutter,Machine Learning,Social,Diploma,Mobile App Developer
Statistics; Python,DevOps,Logical,PG,Data Scientist
Android Studio; Kotlin,Programming,Creative,UG,Android Developer
Linux; Bash; DevOps,Programming,Logical,Diploma,DevOps Engineer
React; NodeJS,Marketing,Social,Diploma,Web Developer
Azure; Cloud Security,Programming,Social,UG,Cloud Engineer
Linux; Bash; DevOps,Mobile Development,Analytical,UG,DevOps Engineer
Java; Spring,Data Analysis,Analytical,PG,Software Engineer
React; NodeJS,Machine Learning,Logical,UG,Web Developer
Python; Pandas; NumPy,Programming,Analytical,Diploma,Data Scientist
Linux; Bash; DevOps,Mobile Development,Logical,PG,DevOps Engineer
GCP; Cloud Architecture,Programming,Logical,UG,Cloud Engineer
Canva; UI Design,Cloud Computing,Logical,UG,UI/UX Designer
HTML; CSS; JavaScript,Web Development,Logical,UG,Web Developer
Email Marketing; Branding,Mobile Development,Creative,Diploma,Digital Marketer
Android Studio; Kotlin,Mobile Development,Analytical,Diploma,Android Developer
Android; Flutter,DevOps,Creative,Diploma,Mobile App Developer
C++; DSA,Data Analysis,Social,UG,Software Engineer
Python; OOP,Programming,Social,UG,Software Engineer
Android; Flutter,Cloud Computing,Social,UG,Mobile App Developer
NextJS; JavaScript,Machine Learning,Analytical,UG,Web Developer
Python; Data Analysis,Designing,Social,Diploma,Data Scientist
Android; Kotlin,Web Development,Social,UG,Android Developer
Photoshop; Illustrator,App Development,Creative,UG,UI/UX Designer
Azure; Cloud Security,Machine Learning,Creative,Diploma,Cloud Engineer
HTML; CSS; JavaScript,Programming,Logical,UG,Web Developer
Canva; UI Design,Data Analysis,Logical,UG,UI/UX Designer
Git; GitHub,Marketing,Analytical,Diploma,Software Engineer
CI/CD; Jenkins,DevOps,Analytical,UG,DevOps Engineer
AWS; Cloud,Mobile Development,Analytical,Diploma,Cloud Engineer
Docker; Kubernetes,DevOps,Analytical,Diploma,DevOps Engineer
Android Studio; Kotlin,Cloud Computing,Creative,Diploma,Android Developer
Android; Flutter,Programming,Creative,UG,Mobile App Developer
Python; Pandas; NumPy,Programming,Analytical,PG,Data Scientist
Android Studio; Kotlin,Cloud Computing,Analytical,PG,Android Developer
Android; Kotlin,Mobile Development,Logical,UG,Android Developer
Email Marketing; Branding,Marketing,Analytical,Diploma,Digital Marketer
Docker; Kubernetes,App Development,Analytical,Diploma,DevOps Engineer
PyTorch; Neural Networks,Programming,Analytical,PG,ML Engineer
Docker; Kubernetes,App Development,Logical,PG,DevOps Engineer
GCP; Cloud Architecture,Mobile Development,Creative,Diploma,Cloud Engineer
Flutter; Dart,Mobile Development,Analytical,PG,Mobile App Developer
MERN Stack,Designing,Logical,Diploma,Web Developer
HTML; CSS; JavaScript,Marketing,Analytical,PG,Web Developer
HTML; CSS; JavaScript,Mobile Development,Creative,PG,Web Developer
Android Studio; Kotlin,Marketing,Logical,UG,Android Developer
Java; Spring,Machine Learning,Creative,Diploma,Software Engineer
TensorFlow; Python,Marketing,Social,PG,ML Engineer
CI/CD; Jenkins,Web Development,Creative,Diploma,DevOps Engineer
Flutter; Dart,Machine Learning,Logical,Diploma,Mobile App Developer
Linux; Bash; DevOps,Cloud Computing,Logical,PG,DevOps Engineer
Canva; UI Design,Designing,Creative,UG,UI/UX Designer
Python; ML Algorithms,Marketing,Social,UG,ML Engineer
Android; Kotlin,Mobile Development,Logical,Diploma,Android Developer
Photoshop; Illustrator,Programming,Creative,Diploma,UI/UX Designer
CI/CD; Jenkins,Machine Learning,Logical,PG,DevOps Engineer
PyTorch; Neural Networks,Marketing,Analytical,PG,ML Engineer
Deep Learning; Python,Designing,Creative,UG,ML Engineer
Python; Data Analysis,Mobile Development,Analytical,PG,Data Scientist
Figma; Prototyping,Marketing,Creative,PG,UI/UX Designer
Android; Kotlin,Web Development,Creative,UG,Android Developer
CI/CD; Jenkins,Web Development,Creative,Diploma,DevOps Engineer
HTML; CSS; JavaScript,Programming,Logical,UG,Web Developer
TensorFlow; Python,Marketing,Creative,PG,ML Engineer
Python; SQL; PowerBI,Machine Learning,Logical,PG,Data Scientist
React; NodeJS,Web Development,Analytical,Diploma,Web Developer
SEO; Content Writing,Marketing,Creative,PG,Digital Marketer
Canva; UI Design,Data Analysis,Analytical,Diploma,UI/UX Designer
Android; Flutter,Data Analysis,Analytical,UG,Mobile App Developer
PyTorch; Neural Networks,Designing,Social,Diploma,ML Engineer
Python; OOP,Programming,Social,UG,Software Engineer
Python; ML Algorithms,Machine Learning,Social,Diploma,ML Engineer
Python; OOP,Web Development,Creative,UG,Software Engineer
Flutter; Dart,Programming,Social,PG,Mobile App Developer
AWS; Cloud,Programming,Social,UG,Cloud Engineer
Python; SQL; PowerBI,Marketing,Creative,UG,Data Scientist
Python; SQL; PowerBI,Marketing,Creative,UG,Data Scientist
Statistics; Python,Machine Learning,Creative,Diploma,Data Scientist
Android; Kotlin,Marketing,Creative,Diploma,Android Developer
Docker; Kubernetes,Data Analysis,Analytical,Diploma,DevOps Engineer
Linux; Bash; DevOps,Mobile Development,Logical,Diploma,DevOps Engineer
Canva; UI Design,Designing,Analytical,Diploma,UI/UX Designer
SEO; Content Writing,App Development,Creative,UG,Digital Marketer
CI/CD; Jenkins,Programming,Creative,PG,DevOps Engineer
Android; Kotlin,Marketing,Social,PG,Android Developer
CI/CD; Jenkins,Programming,Logical,UG,DevOps Engineer
GCP; Cloud Architecture,Designing,Creative,UG,Cloud Engineer
NextJS; JavaScript,Web Development,Logical,PG,Web Developer
Statistics; Python,Data Analysis,Logical,PG,Data Scientist
Android Studio; Kotlin,Machine Learning,Logical,Diploma,Android Developer
Java; Spring,Machine Learning,Logical,Diploma,Software Engineer
MERN Stack,Web Development,Analytical,Diploma,Web Developer
React; NodeJS,Marketing,Creative,Diploma,Web Developer
TensorFlow; Python,DevOps,Analytical,Diploma,ML Engineer
React Native; JavaScript,Marketing,Logical,PG,Mobile App Developer
React; NodeJS,Web Development,Logical,Diploma,Web Developer
Figma; Prototyping,Designing,Analytical,PG,UI/UX Designer
Flutter; Dart,DevOps,Logical,Diploma,Mobile App Developer
CI/CD; Jenkins,Data Analysis,Analytical,PG,DevOps Engineer
MERN Stack,Programming,Logical,Diploma,Web Developer
Linux; Bash; DevOps,Cloud Computing,Creative,Diploma,DevOps Engineer
Machine Learning; Python,Mobile Development,Social,Diploma,Data Scientist
PyTorch; Neural Networks,Data Analysis,Creative,Diploma,ML Engineer
Wireframing; User Research,Marketing,Social,UG,UI/UX Designer
Linux; Bash; DevOps,App Development,Analytical,PG,DevOps Engineer
Docker; Kubernetes,Designing,Logical,UG,DevOps Engineer
React Native; JavaScript,Mobile Development,Social,PG,Mobile App Developer
Python; ML Algorithms,Data Analysis,Analytical,Diploma,ML Engineer
Deep Learning; Python,Designing,Analytical,UG,ML Engineer
PyTorch; Neural Networks,Cloud Computing,Social,UG,ML Engineer
PyTorch; Neural Networks,Designing,Creative,PG,ML Engineer
Android; Kotlin,Cloud Computing,Analytical,UG,Android Developer
HTML; CSS; JavaScript,Web Development,Social,UG,Web Developer
Wireframing; User Research,Cloud Computing,Analytical,UG,UI/UX Designer
SEO; Content Writing,Cloud Computing,Creative,PG,Digital Marketer
Java; Android,App Development,Social,UG,Android Developer
HTML; CSS; JavaScript,Programming,Social,Diploma,Web Developer
Java; Android,Data Analysis,Logical,Diploma,Android Developer
MERN Stack,Web Development,Social,UG,Web Developer
Flutter; Dart,Mobile Development,Social,UG,Mobile App Developer
Social Media Marketing,Mobile Development,Creative,Diploma,Digital Marketer
Android; Kotlin,Machine Learning,Creative,UG,Android Developer
C++; DSA,Mobile Development,Analytical,PG,Software Engineer
SEO; Content Writing,Machine Learning,Creative,PG,Digital Marketer
Canva; UI Design,Marketing,Social,PG,UI/UX Designer
GCP; Cloud Architecture,Machine Learning,Creative,PG,Cloud Engineer
Python; OOP,Web Development,Social,Diploma,Software Engineer
Figma; Prototyping,Data Analysis,Analytical,PG,UI/UX Designer
Java; Android,App Development,Analytical,Diploma,Android Developer
Statistics; Python,Marketing,Logical,UG,Data Scientist
Python; ML Algorithms,Cloud Computing,Logical,UG,ML Engineer
PyTorch; Neural Networks,DevOps,Logical,Diploma,ML Engineer
CI/CD; Jenkins,Machine Learning,Logical,Diploma,DevOps Engineer
Python; SQL; PowerBI,Web Development,Logical,Diploma,Data Scientist
Email Marketing; Branding,App Development,Logical,PG,Digital Marketer
GCP; Cloud Architecture,Cloud Computing,Social,UG,Cloud Engineer
TensorFlow; Python,Programming,Analytical,Diploma,ML Engineer
C++; DSA,Data Analysis,Social,PG,Software Engineer
TensorFlow; Python,DevOps,Analytical,PG,ML Engineer
NextJS; JavaScript,Mobile Development,Logical,Diploma,Web Developer
C++; DSA,DevOps,Social,Diploma,Software Engineer
AWS; Cloud,Machine Learning,Social,UG,Cloud Engineer
HTML; CSS; JavaScript,Marketing,Logical,Diploma,Web Developer
Java; Android,Mobile Development,Logical,PG,Android Developer
SEO; Content Writing,App Development,Analytical,Diploma,Digital Marketer
Python; Data Analysis,Web Development,Social,UG,Data Scientist
HTML; CSS; JavaScript,Machine Learning,Analytical,UG,Web Developer
React Native; JavaScript,Marketing,Analytical,UG,Mobile App Developer
NextJS; JavaScript,Web Development,Social,Diploma,Web Developer
Docker; Kubernetes,DevOps,Social,UG,DevOps Engineer
Canva; UI Design,Marketing,Logical,UG,UI/UX Designer
Git; GitHub,Marketing,Creative,UG,Software Engineer
MERN Stack,Web Development,Analytical,UG,Web Developer
Linux; Bash; DevOps,Machine Learning,Analytical,UG,DevOps Engineer
React Native; JavaScript,Designing,Logical,PG,Mobile App Developer
Social Media Marketing,Marketing,Creative,PG,Digital Marketer
React Native; JavaScript,App Development,Analytical,Diploma,Mobile App Developer
Canva; UI Design,Web Development,Creative,UG,UI/UX Designer
Email Marketing; Branding,Cloud Computing,Social,UG,Digital Marketer
Social Media Marketing,Web Development,Logical,UG,Digital Marketer
Machine Learning; Python,Programming,Creative,Diploma,Data Scientist
Android; Flutter,DevOps,Social,Diploma,Mobile App Developer
Android Studio; Kotlin,Machine Learning,Creative,UG,Android Developer
Python; ML Algorithms,Data Analysis,Creative,UG,ML Engineer
React Native; JavaScript,Programming,Social,Diploma,Mobile App Developer
CI/CD; Jenkins,Data Analysis,Creative,PG,DevOps Engineer
Python; Pandas; NumPy,Web Development,Analytical,UG,Data Scientist
Android Studio; Kotlin,Marketing,Logical,UG,Android Developer
Git; GitHub,Programming,Analytical,PG,Software Engineer
Java; Android,Marketing,Creative,Diploma,Android Developer
Machine Learning; Python,App Development,Analytical,Diploma,Data Scientist
Email Marketing; Branding,Mobile Development,Social,UG,Digital Marketer
Azure; Cloud Security,DevOps,Social,PG,Cloud Engineer
Android; Flutter,Mobile Development,Creative,Diploma,Mobile App Developer
React Native; JavaScript,Web Development,Logical,UG,Mobile App Developer
NextJS; JavaScript,DevOps,Creative,PG,Web Developer
Canva; UI Design,Marketing,Social,PG,UI/UX Designer
Flutter; Dart,App Development,Creative,PG,Mobile App Developer
AWS; Cloud,Marketing,Creative,UG,Cloud Engineer
MERN Stack,Machine Learning,Logical,UG,Web Developer
Flutter; Dart,DevOps,Social,Diploma,Mobile App Developer
Docker; Kubernetes,Web Development,Creative,UG,DevOps Engineer
C++; DSA,Cloud Computing,Creative,PG,Software Engineer
Deep Learning; Python,Mobile Development,Creative,UG,ML Engineer
Linux; Bash; DevOps,DevOps,Analytical,Diploma,DevOps Engineer
Java; Android,Mobile Development,Analytical,Diploma,Android Developer
Deep Learning; Python,Cloud Computing,Social,UG,ML Engineer
Docker; Kubernetes,Cloud Computing,Social,Diploma,DevOps Engineer
Python; Pandas; NumPy,Cloud Computing,Analytical,Diploma,Data Scientist
Android; Kotlin,Web Development,Creative,PG,Android Developer
Photoshop; Illustrator,Programming,Social,Diploma,UI/UX Designer
Wireframing; User Research,Machine Learning,Logical,PG,UI/UX Designer
MERN Stack,Machine Learning,Social,Diploma,Web Developer
Git; GitHub,Web Development,Logical,UG,Software Engineer
Java; Spring,Data Analysis,Analytical,Diploma,Software Engineer
React; NodeJS,Programming,Social,Diploma,Web Developer
Azure; Cloud Security,Mobile Development,Social,PG,Cloud Engineer
Linux; Bash; DevOps,DevOps,Creative,UG,DevOps Engineer
MERN Stack,Marketing,Logical,Diploma,Web Developer
Java; Spring,Programming,Logical,PG,Software Engineer
SEO; Content Writing,Machine Learning,Social,UG,Digital Marketer
SEO; Content Writing,Marketing,Logical,PG,Digital Marketer
GCP; Cloud Architecture,DevOps,Creative,UG,Cloud Engineer
Android Studio; Kotlin,Marketing,Analytical,Diploma,Android Developer
Python; Pandas; NumPy,Cloud Computing,Logical,PG,Data Scientist
Android; Kotlin,Programming,Creative,UG,Android Developer
AWS; Cloud,Machine Learning,Analytical,PG,Cloud Engineer
Social Media Marketing,Machine Learning,Logical,UG,Digital Marketer
React Native; JavaScript,Programming,Logical,PG,Mobile App Developer
Docker; Kubernetes,Machine Learning,Creative,Diploma,DevOps Engineer
Statistics; Python,App Development,Logical,Diploma,Data Scientist
Python; Data Analysis,Programming,Logical,Diploma,Data Scientist
PyTorch; Neural Networks,DevOps,Analytical,PG,ML Engineer
Wireframing; User Research,Programming,Creative,PG,UI/UX Designer
Email Marketing; Branding,App Development,Social,PG,Digital Marketer
Email Marketing; Branding,Web Development,Logical,PG,Digital Marketer
Python; ML Algorithms,Programming,Social,Diploma,ML Engineer
NextJS; JavaScript,Programming,Logical,PG,Web Developer
Java; Spring,DevOps,Creative,Diploma,Software Engineer
Azure; Cloud Security,Data Analysis,Social,Diploma,Cloud Engineer
Python; Pandas; NumPy,App Development,Analytical,PG,Data Scientist
CI/CD; Jenkins,App Development,Analytical,Diploma,DevOps Engineer
Android; Kotlin,App Development,Logical,PG,Android Developer
GCP; Cloud Architecture,Designing,Creative,PG,Cloud Engineer
Linux; Bash; DevOps,Data Analysis,Social,Diploma,DevOps Engineer
NextJS; JavaScript,Designing,Analytical,PG,Web Developer
Flutter; Dart,Designing,Creative,PG,Mobile App Developer
Figma; Prototyping,Designing,Social,Diploma,UI/UX Designer
CI/CD; Jenkins,App Development,Analytical,UG,DevOps Engineer
Python; Pandas; NumPy,Cloud Computing,Analytical,PG,Data Scientist
Python; SQL; PowerBI,Marketing,Logical,PG,Data Scientist
Figma; Prototyping,Data Analysis,Logical,PG,UI/UX Designer
Linux; Bash; DevOps,App Development,Analytical,UG,DevOps Engineer
Azure; Cloud Security,App Development,Analytical,PG,Cloud Engineer
Android; Kotlin,Cloud Computing,Analytical,PG,Android Developer
Git; GitHub,Mobile Development,Social,PG,Software Engineer
TensorFlow; Python,Machine Learning,Social,PG,ML Engineer
CI/CD; Jenkins,Data Analysis,Creative,Diploma,DevOps Engineer
HTML; CSS; JavaScript,Web Development,Creative,UG,Web Developer
Python; ML Algorithms,Data Analysis,Analytical,UG,ML Engineer
Figma; Prototyping,Mobile Development,Creative,UG,UI/UX Designer
HTML; CSS; JavaScript,Data Analysis,Analytical,Diploma,Web Developer
Figma; Prototyping,Mobile Development,Social,PG,UI/UX Designer
Python; OOP,Cloud Computing,Social,Diploma,Software Engineer
Android; Flutter,Mobile Development,Logical,PG,Mobile App Developer
Git; GitHub,Cloud Computing,Creative,PG,Software Engineer
Photoshop; Illustrator,Web Development,Analytical,PG,UI/UX Designer
Canva; UI Design,Data Analysis,Analytical,Diploma,UI/UX Designer
NextJS; JavaScript,Mobile Development,Logical,UG,Web Developer
Photoshop; Illustrator,Programming,Creative,Diploma,UI/UX Designer
Wireframing; User Research,Programming,Logical,PG,UI/UX Designer
AWS; Cloud,DevOps,Creative,Diploma,Cloud Engineer
Python; Pandas; NumPy,Data Analysis,Social,PG,Data Scientist
Java; Spring,Web Development,Creative,PG,Software Engineer
C++; DSA,Marketing,Creative,PG,Software Engineer
Git; GitHub,DevOps,Social,PG,Software Engineer
Social Media Marketing,Marketing,Creative,Diploma,Digital Marketer
Social Media Marketing,App Development,Social,UG,Digital Marketer
Photoshop; Illustrator,Marketing,Logical,Diploma,UI/UX Designer
Canva; UI Design,Marketing,Creative,UG,UI/UX Designer
CI/CD; Jenkins,Machine Learning,Logical,Diploma,DevOps Engineer
TensorFlow; Python,DevOps,Analytical,UG,ML Engineer
Deep Learning; Python,Data Analysis,Creative,PG,ML Engineer
React; NodeJS,Designing,Creative,PG,Web Developer
AWS; Cloud,Machine Learning,Logical,Diploma,Cloud Engineer
SEO; Content Writing,Marketing,Analytical,UG,Digital Marketer
Android; Flutter,Data Analysis,Social,UG,Mobile App Developer
Social Media Marketing,Web Development,Analytical,UG,Digital Marketer
Python; Pandas; NumPy,Marketing,Social,PG,Data Scientist
Machine Learning; Python,Designing,Logical,PG,Data Scientist
Wireframing; User Research,Machine Learning,Logical,PG,UI/UX Designer
Email Marketing; Branding,DevOps,Social,Diploma,Digital Marketer
Photoshop; Illustrator,App Development,Social,PG,UI/UX Designer
Android; Flutter,Machine Learning,Analytical,Diploma,Mobile App Developer
Docker; Kubernetes,Data Analysis,Logical,Diploma,DevOps Engineer
Python; SQL; PowerBI,Cloud Computing,Logical,Diploma,Data Scientist
Figma; Prototyping,Cloud Computing,Social,Diploma,UI/UX Designer
TensorFlow; Python,Data Analysis,Creative,Diploma,ML Engineer
Java; Android,Designing,Social,UG,Android Developer
Azure; Cloud Security,Machine Learning,Social,Diploma,Cloud Engineer
Email Marketing; Branding,Cloud Computing,Creative,UG,Digital Marketer
Google Ads; Analytics,Designing,Social,Diploma,Digital Marketer
Photoshop; Illustrator,DevOps,Social,Diploma,UI/UX Designer
Social Media Marketing,Machine Learning,Logical,UG,Digital Marketer
Android Studio; Kotlin,DevOps,Creative,UG,Android Developer
Python; Data Analysis,Data Analysis,Creative,Diploma,Data Scientist
Java; Android,Marketing,Analytical,Diploma,Android Developer
Email Marketing; Branding,Marketing,Creative,UG,Digital Marketer
Android; Kotlin,Marketing,Creative,UG,Android Developer
Java; Spring,App Development,Social,PG,Software Engineer
Python; OOP,Cloud Computing,Creative,Diploma,Software Engineer
React Native; JavaScript,Machine Learning,Creative,PG,Mobile App Developer
Java; Android,Data Analysis,Logical,PG,Android Developer
NextJS; JavaScript,Cloud Computing,Social,UG,Web Developer
Java; Spring,Marketing,Creative,UG,Software Engineer
Java; Spring,Mobile Development,Creative,UG,Software Engineer
SEO; Content Writing,App Development,Creative,PG,Digital Marketer
React Native; JavaScript,Web Development,Analytical,UG,Mobile App Developer
Email Marketing; Branding,DevOps,Creative,PG,Digital Marketer
Android; Kotlin,Programming,Logical,UG,Android Developer
Social Media Marketing,Designing,Logical,Diploma,Digital Marketer
Android; Flutter,App Development,Logical,Diploma,Mobile App Developer
Canva; UI Design,Mobile Development,Logical,PG,UI/UX Designer
Canva; UI Design,Cloud Computing,Logical,UG,UI/UX Designer
Android Studio; Kotlin,App Development,Creative,UG,Android Developer
PyTorch; Neural Networks,Data Analysis,Analytical,PG,ML Engineer
Azure; Cloud Security,Programming,Creative,PG,Cloud Engineer
Flutter; Dart,Designing,Logical,UG,Mobile App Developer
Statistics; Python,DevOps,Creative,Diploma,Data Scientist
Docker; Kubernetes,App Development,Social,Diploma,DevOps Engineer
GCP; Cloud Architecture,Designing,Analytical,PG,Cloud Engineer
Flutter; Dart,Marketing,Social,Diploma,Mobile App Developer
Deep Learning; Python,DevOps,Creative,PG,ML Engineer
C++; DSA,Machine Learning,Creative,UG,Software Engineer
SEO; Content Writing,Data Analysis,Analytical,UG,Digital Marketer
Java; Android,App Development,Social,UG,Android Developer
GCP; Cloud Architecture,DevOps,Social,PG,Cloud Engineer
MERN Stack,Designing,Logical,PG,Web Developer
Azure; Cloud Security,Cloud Computing,Creative,PG,Cloud Engineer
AWS; Cloud,Programming,Analytical,PG,Cloud Engineer
Java; Android,Marketing,Analytical,UG,Android Developer
Statistics; Python,DevOps,Creative,PG,Data Scientist
Photoshop; Illustrator,Web Development,Creative,Diploma,UI/UX Designer
Linux; Bash; DevOps,Cloud Computing,Logical,UG,DevOps Engineer
Docker; Kubernetes,Mobile Development,Creative,PG,DevOps Engineer
Flutter; Dart,Web Development,Social,UG,Mobile App Developer
Python; ML Algorithms,Marketing,Social,Diploma,ML Engineer
Photoshop; Illustrator,Programming,Analytical,UG,UI/UX Designer
Android; Kotlin,Marketing,Analytical,Diploma,Android Developer
React; NodeJS,Designing,Social,PG,Web Developer
Azure; Cloud Security,Programming,Social,UG,Cloud Engineer
Wireframing; User Research,App Development,Logical,PG,UI/UX Designer
Android Studio; Kotlin,Data Analysis,Logical,Diploma,Android Developer
Git; GitHub,Machine Learning,Creative,UG,Software Engineer
React Native; JavaScript,Programming,Logical,UG,Mobile App Developer
C++; DSA,Programming,Social,Diploma,Software Engineer
Java; Spring,Web Development,Social,PG,Software Engineer
Python; OOP,Mobile Development,Analytical,Diploma,Software Engineer
Android; Flutter,Designing,Logical,PG,Mobile App Developer
React Native; JavaScript,Machine Learning,Analytical,UG,Mobile App Developer
Canva; UI Design,Cloud Computing,Analytical,UG,UI/UX Designer
React; NodeJS,Designing,Creative,Diploma,Web Developer
React; NodeJS,Programming,Logical,UG,Web Developer
Java; Spring,Data Analysis,Social,PG,Software Engineer
Social Media Marketing,Cloud Computing,Social,Diploma,Digital Marketer
GCP; Cloud Architecture,Web Development,Logical,PG,Cloud Engineer
Canva; UI Design,Data Analysis,Analytical,UG,UI/UX Designer
GCP; Cloud Architecture,Web Development,Creative,PG,Cloud Engineer
Wireframing; User Research,Machine Learning,Logical,PG,UI/UX Designer
Android; Flutter,Marketing,Logical,PG,Mobile App Developer
Android Studio; Kotlin,Mobile Development,Creative,Diploma,Android Developer
Java; Android,Marketing,Analytical,PG,Android Developer
Azure; Cloud Security,Marketing,Social,UG,Cloud Engineer
PyTorch; Neural Networks,Web Development,Analytical,UG,ML Engineer
C++; DSA,DevOps,Analytical,PG,Software Engineer
GCP; Cloud Architecture,Designing,Creative,Diploma,Cloud Engineer
PyTorch; Neural Networks,Machine Learning,Social,Diploma,ML Engineer
React Native; JavaScript,Designing,Creative,PG,Mobile App Developer
Java; Android,DevOps,Social,UG,Android Developer
Machine Learning; Python,Machine Learning,Logical,PG,Data Scientist
PyTorch; Neural Networks,Designing,Logical,Diploma,ML Engineer
Docker; Kubernetes,Web Development,Social,PG,DevOps Engineer
MERN Stack,App Development,Logical,PG,Web Developer
React Native; JavaScript,App Development,Creative,Diploma,Mobile App Developer
Wireframing; User Research,Cloud Computing,Social,Diploma,UI/UX Designer
Flutter; Dart,Cloud Computing,Logical,PG,Mobile App Developer
Java; Android,Web Development,Social,Diploma,Android Developer
Git; GitHub,Web Development,Logical,Diploma,Software Engineer
HTML; CSS; JavaScript,App Development,Creative,UG,Web Developer
Canva; UI Design,Marketing,Analytical,PG,UI/UX Designer
MERN Stack,Designing,Logical,Diploma,Web Developer
Java; Android,Cloud Computing,Creative,PG,Android Developer
Python; SQL; PowerBI,Programming,Logical,UG,Data Scientist
React; NodeJS,Marketing,Social,UG,Web Developer
CI/CD; Jenkins,Programming,Analytical,Diploma,DevOps Engineer
Android Studio; Kotlin,Designing,Social,UG,Android Developer
SEO; Content Writing,Mobile Development,Analytical,UG,Digital Marketer
React; NodeJS,Marketing,Social,UG,Web Developer
TensorFlow; Python,Programming,Social,UG,ML Engineer
Flutter; Dart,App Development,Analytical,UG,Mobile App Developer
Figma; Prototyping,Marketing,Analytical,PG,UI/UX Designer
Machine Learning; Python,Marketing,Social,Diploma,Data Scientist
Python; Data Analysis,Data Analysis,Social,PG,Data Scientist
React; NodeJS,Cloud Computing,Social,Diploma,Web Developer
GCP; Cloud Architecture,Designing,Creative,Diploma,Cloud Engineer
Python; ML Algorithms,Web Development,Analytical,PG,ML Engineer
Deep Learning; Python,Designing,Analytical,PG,ML Engineer
Python; SQL; PowerBI,Web Development,Logical,UG,Data Scientist
PyTorch; Neural Networks,Web Development,Logical,Diploma,ML Engineer
Deep Learning; Python,DevOps,Analytical,Diploma,ML Engineer
MERN Stack,Mobile Development,Creative,UG,Web Developer
Deep Learning; Python,Marketing,Social,Diploma,ML Engineer
CI/CD; Jenkins,Programming,Creative,Diploma,DevOps Engineer
Canva; UI Design,Marketing,Logical,Diploma,UI/UX Designer
Python; ML Algorithms,Designing,Social,UG,ML Engineer
Android; Kotlin,Web Development,Logical,PG,Android Developer
Photoshop; Illustrator,DevOps,Social,Diploma,UI/UX Designer
Android Studio; Kotlin,Programming,Creative,PG,Android Developer
NextJS; JavaScript,Marketing,Social,Diploma,Web Developer
NextJS; JavaScript,Web Development,Analytical,UG,Web Developer
AWS; Cloud,App Development,Creative,PG,Cloud Engineer
AWS; Cloud,Web Development,Social,PG,Cloud Engineer
Statistics; Python,Programming,Logical,PG,Data Scientist
Python; Data Analysis,Machine Learning,Analytical,UG,Data Scientist
Python; SQL; PowerBI,App Development,Social,UG,Data Scientist
Android Studio; Kotlin,Mobile Development,Logical,Diploma,Android Developer
Python; ML Algorithms,Web Development,Analytical,PG,ML Engineer
Android; Kotlin,Designing,Social,Diploma,Android Developer
CI/CD; Jenkins,Data Analysis,Logical,Diploma,DevOps Engineer
AWS; Cloud,Data Analysis,Creative,UG,Cloud Engineer
Android; Flutter,Programming,Analytical,Diploma,Mobile App Developer
React Native; JavaScript,Programming,Analytical,Diploma,Mobile App Developer
Machine Learning; Python,Data Analysis,Creative,PG,Data Scientist
Python; OOP,Web Development,Logical,UG,Software Engineer
Git; GitHub,App Development,Creative,UG,Software Engineer
Android; Flutter,Data Analysis,Logical,PG,Mobile App Developer
React Native; JavaScript,DevOps,Analytical,PG,Mobile App Developer
Python; OOP,Marketing,Logical,UG,Software Engineer
Azure; Cloud Security,Programming,Analytical,Diploma,Cloud Engineer
Python; Pandas; NumPy,Programming,Social,UG,Data Scientist
MERN Stack,Web Development,Analytical,PG,Web Developer
C++; DSA,Mobile Development,Creative,PG,Software Engineer
Android; Kotlin,Mobile Development,Analytical,Diploma,Android Developer
Azure; Cloud Security,DevOps,Analytical,Diploma,Cloud Engineer
Docker; Kubernetes,Cloud Computing,Creative,Diploma,DevOps Engineer
GCP; Cloud Architecture,DevOps,Analytical,Diploma,Cloud Engineer
Wireframing; User Research,Marketing,Creative,PG,UI/UX Designer
SEO; Content Writing,Data Analysis,Analytical,UG,Digital Marketer
Azure; Cloud Security,Cloud Computing,Social,UG,Cloud Engineer
AWS; Cloud,Marketing,Analytical,PG,Cloud Engineer
MERN Stack,Web Development,Social,Diploma,Web Developer
Flutter; Dart,Marketing,Creative,Diploma,Mobile App Developer
Google Ads; Analytics,DevOps,Social,PG,Digital Marketer
Deep Learning; Python,Designing,Social,PG,ML Engineer
Python; ML Algorithms,Designing,Social,UG,ML Engineer
Android; Kotlin,Cloud Computing,Creative,Diploma,Android Developer
MERN Stack,Programming,Analytical,PG,Web Developer
Android; Kotlin,Programming,Logical,Diploma,Android Developer
Deep Learning; Python,DevOps,Logical,Diploma,ML Engineer
Linux; Bash; DevOps,Data Analysis,Analytical,PG,DevOps Engineer
TensorFlow; Python,Mobile Development,Logical,UG,ML Engineer
Android Studio; Kotlin,Mobile Development,Creative,Diploma,Android Developer
Google Ads; Analytics,Mobile Development,Creative,PG,Digital Marketer
Android; Kotlin,Designing,Creative,UG,Android Developer
Canva; UI Design,Data Analysis,Creative,UG,UI/UX Designer
Python; Data Analysis,Mobile Development,Logical,UG,Data Scientist
Python; OOP,DevOps,Logical,Diploma,Software Engineer
React Native; JavaScript,Web Development,Analytical,PG,Mobile App Developer
Photoshop; Illustrator,App Development,Analytical,UG,UI/UX Designer
Android; Kotlin,Marketing,Social,UG,Android Developer
Python; OOP,App Development,Creative,UG,Software Engineer
Docker; Kubernetes,Designing,Creative,Diploma,DevOps Engineer
Java; Android,Programming,Social,PG,Android Developer
Docker; Kubernetes,App Development,Creative,Diploma,DevOps Engineer
Java; Android,Web Development,Logical,Diploma,Android Developer
TensorFlow; Python,App Development,Social,UG,ML Engineer
Statistics; Python,DevOps,Analytical,Diploma,Data Scientist
Email Marketing; Branding,Marketing,Analytical,Diploma,Digital Marketer
Google Ads; Analytics,App Development,Logical,UG,Digital Marketer
React; NodeJS,Programming,Logical,PG,Web Developer
React Native; JavaScript,Programming,Creative,PG,Mobile App Developer
Android Studio; Kotlin,Designing,Logical,PG,Android Developer
Canva; UI Design,App Development,Social,PG,UI/UX Designer
GCP; Cloud Architecture,Programming,Creative,UG,Cloud Engineer
Machine Learning; Python,Programming,Analytical,PG,Data Scientist
Linux; Bash; DevOps,DevOps,Social,UG,DevOps Engineer
Google Ads; Analytics,Designing,Analytical,UG,Digital Marketer
Python; Pandas; NumPy,Data Analysis,Creative,PG,Data Scientist
GCP; Cloud Architecture,Designing,Creative,UG,Cloud Engineer
Figma; Prototyping,App Development,Creative,PG,UI/UX Designer
Java; Android,Data Analysis,Creative,PG,Android Developer
GCP; Cloud Architecture,Designing,Creative,UG,Cloud Engineer
Docker; Kubernetes,DevOps,Logical,Diploma,DevOps Engineer
AWS; Cloud,Mobile Development,Analytical,Diploma,Cloud Engineer
Android; Flutter,Data Analysis,Logical,Diploma,Mobile App Developer
React Native; JavaScript,Cloud Computing,Analytical,PG,Mobile App Developer
Python; ML Algorithms,DevOps,Analytical,Diploma,ML Engineer
Azure; Cloud Security,Web Development,Logical,UG,Cloud Engineer
Flutter; Dart,Web Development,Analytical,UG,Mobile App Developer
Python; Data Analysis,Designing,Social,PG,Data Scientist
Python; ML Algorithms,App Development,Creative,UG,ML Engineer
GCP; Cloud Architecture,Web Development,Logical,Diploma,Cloud Engineer
Python; Pandas; NumPy,Mobile Development,Creative,UG,Data Scientist
PyTorch; Neural Networks,Designing,Social,PG,ML Engineer
Wireframing; User Research,App Development,Creative,UG,UI/UX Designer
Python; ML Algorithms,Mobile Development,Analytical,PG,ML Engineer
Python; Data Analysis,Data Analysis,Creative,UG,Data Scientist
Azure; Cloud Security,Machine Learning,Analytical,Diploma,Cloud Engineer
Python; OOP,App Development,Logical,Diploma,Software Engineer
HTML; CSS; JavaScript,Mobile Development,Logical,Diploma,Web Developer
Python; SQL; PowerBI,Programming,Logical,UG,Data Scientist
Wireframing; User Research,Designing,Analytical,UG,UI/UX Designer
Statistics; Python,Designing,Analytical,PG,Data Scientist
Android; Kotlin,Mobile Development,Analytical,Diploma,Android Developer
Python; Data Analysis,Designing,Creative,Diploma,Data Scientist
Flutter; Dart,Web Development,Social,UG,Mobile App Developer
NextJS; JavaScript,Cloud Computing,Creative,UG,Web Developer
Figma; Prototyping,DevOps,Creative,UG,UI/UX Designer
Python; Pandas; NumPy,DevOps,Social,Diploma,Data Scientist
Android Studio; Kotlin,Mobile Development,Logical,UG,Android Developer
Python; SQL; PowerBI,DevOps,Logical,Diploma,Data Scientist
Azure; Cloud Security,Cloud Computing,Social,Diploma,Cloud Engineer
SEO; Content Writing,App Development,Analytical,Diploma,Digital Marketer
Java; Android,Data Analysis,Creative,Diploma,Android Developer
Google Ads; Analytics,Mobile Development,Social,UG,Digital Marketer
Java; Spring,Mobile Development,Creative,Diploma,Software Engineer
Figma; Prototyping,Marketing,Creative,Diploma,UI/UX Designer
Android; Kotlin,Marketing,Analytical,UG,Android Developer
PyTorch; Neural Networks,Programming,Logical,Diploma,ML Engineer
Photoshop; Illustrator,Marketing,Logical,PG,UI/UX Designer
Machine Learning; Python,Machine Learning,Logical,Diploma,Data Scientist
Azure; Cloud Security,Marketing,Logical,Diploma,Cloud Engineer
Azure; Cloud Security,Web Development,Creative,UG,Cloud Engineer
GCP; Cloud Architecture,Web Development,Logical,UG,Cloud Engineer
Android; Kotlin,Designing,Social,UG,Android Developer
Java; Spring,Machine Learning,Creative,PG,Software Engineer
Photoshop; Illustrator,Web Development,Social,PG,UI/UX Designer
HTML; CSS; JavaScript,Web Development,Analytical,PG,Web Developer
Python; Pandas; NumPy,Web Development,Social,UG,Data Scientist
C++; DSA,App Development,Analytical,PG,Software Engineer
Flutter; Dart,Designing,Creative,Diploma,Mobile App Developer
Android; Kotlin,Data Analysis,Creative,Diploma,Android Developer
Statistics; Python,Data Analysis,Analytical,UG,Data Scientist
Python; Data Analysis,Programming,Logical,UG,Data Scientist
React Native; JavaScript,DevOps,Analytical,Diploma,Mobile App Developer
Python; Data Analysis,Web Development,Logical,UG,Data Scientist
Photoshop; Illustrator,Mobile Development,Analytical,UG,UI/UX Designer
Python; Pandas; NumPy,Marketing,Social,Diploma,Data Scientist
PyTorch; Neural Networks,Data Analysis,Creative,Diploma,ML Engineer
Linux; Bash; DevOps,DevOps,Social,UG,DevOps Engineer
Docker; Kubernetes,DevOps,Analytical,Diploma,DevOps Engineer
React; NodeJS,Cloud Computing,Creative,Diploma,Web Developer
Docker; Kubernetes,Designing,Social,UG,DevOps Engineer
Python; OOP,Designing,Creative,UG,Software Engineer
React; NodeJS,Mobile Development,Social,UG,Web Developer
Java; Android,Cloud Computing,Creative,Diploma,Android Developer
Android Studio; Kotlin,Web Development,Social,PG,Android Developer
Figma; Prototyping,Web Development,Creative,PG,UI/UX Designer
React Native; JavaScript,DevOps,Creative,Diploma,Mobile App Developer
C++; DSA,Programming,Social,UG,Software Engineer
PyTorch; Neural Networks,Machine Learning,Logical,PG,ML Engineer
CI/CD; Jenkins,Machine Learning,Social,PG,DevOps Engineer
Photoshop; Illustrator,Mobile Development,Creative,Diploma,UI/UX Designer
GCP; Cloud Architecture,App Development,Logical,PG,Cloud Engineer
AWS; Cloud,DevOps,Analytical,UG,Cloud Engineer
Java; Spring,Programming,Creative,Diploma,Software Engineer
Figma; Prototyping,App Development,Analytical,Diploma,UI/UX Designer
GCP; Cloud Architecture,Mobile Development,Analytical,Diploma,Cloud Engineer
Git; GitHub,Web Development,Creative,Diploma,Software Engineer
Figma; Prototyping,Machine Learning,Logical,Diploma,UI/UX Designer
React Native; JavaScript,Programming,Creative,UG,Mobile App Developer
Java; Spring,App Development,Social,PG,Software Engineer
Deep Learning; Python,Designing,Creative,PG,ML Engineer
Flutter; Dart,DevOps,Creative,UG,Mobile App Developer
NextJS; JavaScript,Data Analysis,Creative,Diploma,Web Developer
C++; DSA,DevOps,Social,UG,Software Engineer
Social Media Marketing,Web Development,Analytical,Diploma,Digital Marketer
Docker; Kubernetes,Designing,Analytical,PG,DevOps Engineer
NextJS; JavaScript,Mobile Development,Analytical,UG,Web Developer
Statistics; Python,Machine Learning,Creative,UG,Data Scientist
AWS; Cloud,Mobile Development,Logical,Diploma,Cloud Engineer
Statistics; Python,Machine Learning,Analytical,UG,Data Scientist
Email Marketing; Branding,App Development,Social,Diploma,Digital Marketer
CI/CD; Jenkins,Machine Learning,Social,UG,DevOps Engineer
Linux; Bash; DevOps,Data Analysis,Social,Diploma,DevOps Engineer
Google Ads; Analytics,Machine Learning,Creative,Diploma,Digital Marketer
Email Marketing; Branding,DevOps,Creative,UG,Digital Marketer
Docker; Kubernetes,App Development,Analytical,PG,DevOps Engineer
Python; Pandas; NumPy,Web Development,Creative,UG,Data Scientist
Git; GitHub,Machine Learning,Analytical,UG,Software Engineer
Azure; Cloud Security,Programming,Analytical,Diploma,Cloud Engineer
Android Studio; Kotlin,Programming,Logical,UG,Android Developer
SEO; Content Writing,Marketing,Creative,UG,Digital Marketer
Android; Kotlin,Data Analysis,Logical,UG,Android Developer
Java; Android,Machine Learning,Analytical,UG,Android Developer
Java; Android,App Development,Social,Diploma,Android Developer
Android Studio; Kotlin,Data Analysis,Social,UG,Android Developer
React Native; JavaScript,Mobile Development,Social,PG,Mobile App Developer
Canva; UI Design,Marketing,Analytical,PG,UI/UX Designer
Java; Android,Mobile Development,Analytical,PG,Android Developer
Java; Spring,Programming,Social,PG,Software Engineer
MERN Stack,Mobile Development,Creative,PG,Web Developer
Docker; Kubernetes,Mobile Development,Social,Diploma,DevOps Engineer
AWS; Cloud,Marketing,Analytical,Diploma,Cloud Engineer
NextJS; JavaScript,Machine Learning,Logical,UG,Web Developer
Flutter; Dart,Data Analysis,Social,Diploma,Mobile App Developer
Python; Pandas; NumPy,Programming,Social,Diploma,Data Scientist
Azure; Cloud Security,Programming,Analytical,PG,Cloud Engineer
CI/CD; Jenkins,Programming,Logical,UG,DevOps Engineer
C++; DSA,Cloud Computing,Analytical,UG,Software Engineer
Python; OOP,Cloud Computing,Analytical,PG,Software Engineer
Python; OOP,Designing,Social,UG,Software Engineer
NextJS; JavaScript,Data Analysis,Analytical,Diploma,Web Developer
Wireframing; User Research,DevOps,Social,UG,UI/UX Designer
TensorFlow; Python,Web Development,Creative,PG,ML Engineer
HTML; CSS; JavaScript,Marketing,Creative,PG,Web Developer
Android Studio; Kotlin,Marketing,Social,Diploma,Android Developer
Android; Flutter,DevOps,Logical,UG,Mobile App Developer
Photoshop; Illustrator,Data Analysis,Creative,PG,UI/UX Designer
Java; Android,App Development,Logical,PG,Android Developer
Android; Kotlin,Designing,Social,PG,Android Developer
TensorFlow; Python,Marketing,Creative,UG,ML Engineer
Python; Pandas; NumPy,Machine Learning,Social,PG,Data Scientist
Python; SQL; PowerBI,DevOps,Analytical,PG,Data Scientist
Android Studio; Kotlin,Data Analysis,Analytical,UG,Android Developer
Android Studio; Kotlin,Cloud Computing,Social,UG,Android Developer
React; NodeJS,Marketing,Logical,Diploma,Web Developer
SEO; Content Writing,Machine Learning,Social,PG,Digital Marketer
Statistics; Python,App Development,Logical,Diploma,Data Scientist
C++; DSA,Data Analysis,Analytical,PG,Software Engineer
React Native; JavaScript,Mobile Development,Social,PG,Mobile App Developer
Social Media Marketing,App Development,Social,UG,Digital Marketer
C++; DSA,Data Analysis,Analytical,Diploma,Software Engineer
Figma; Prototyping,Cloud Computing,Creative,PG,UI/UX Designer
Android; Kotlin,DevOps,Analytical,Diploma,Android Developer
Python; Data Analysis,Marketing,Logical,Diploma,Data Scientist
SEO; Content Writing,DevOps,Creative,UG,Digital Marketer
Git; GitHub,DevOps,Logical,UG,Software Engineer
TensorFlow; Python,Cloud Computing,Social,PG,ML Engineer
Wireframing; User Research,App Development,Creative,PG,UI/UX Designer
Docker; Kubernetes,Web Development,Creative,UG,DevOps Engineer
NextJS; JavaScript,Programming,Analytical,PG,Web Developer
TensorFlow; Python,App Development,Creative,UG,ML Engineer
React; NodeJS,Marketing,Creative,Diploma,Web Developer
Python; ML Algorithms,App Development,Analytical,Diploma,ML Engineer
Git; GitHub,Designing,Social,Diploma,Software Engineer
React; NodeJS,Data Analysis,Analytical,PG,Web Developer
React; NodeJS,Cloud Computing,Logical,Diploma,Web Developer
Java; Android,Designing,Analytical,PG,Android Developer
Wireframing; User Research,Programming,Analytical,PG,UI/UX Designer
Canva; UI Design,Programming,Analytical,UG,UI/UX Designer
TensorFlow; Python,Machine Learning,Logical,Diploma,ML Engineer
Android Studio; Kotlin,Marketing,Analytical,Diploma,Android Developer
Photoshop; Illustrator,Data Analysis,Creative,UG,UI/UX Designer
Machine Learning; Python,DevOps,Analytical,Diploma,Data Scientist
Flutter; Dart,App Development,Logical,Diploma,Mobile App Developer
Linux; Bash; DevOps,Web Development,Analytical,PG,DevOps Engineer
Deep Learning; Python,DevOps,Creative,Diploma,ML Engineer
React; NodeJS,Designing,Social,Diploma,Web Developer
React Native; JavaScript,Designing,Logical,UG,Mobile App Developer
React Native; JavaScript,Mobile Development,Logical,PG,Mobile App Developer
Figma; Prototyping,App Development,Creative,UG,UI/UX Designer
MERN Stack,App Development,Analytical,PG,Web Developer
React; NodeJS,Programming,Logical,UG,Web Developer
Google Ads; Analytics,Cloud Computing,Analytical,UG,Digital Marketer
Python; OOP,App Development,Analytical,Diploma,Software Engineer
React; NodeJS,App Development,Logical,Diploma,Web Developer
Canva; UI Design,Web Development,Analytical,Diploma,UI/UX Designer
Azure; Cloud Security,App Development,Analytical,UG,Cloud Engineer
HTML; CSS; JavaScript,Mobile Development,Social,Diploma,Web Developer
Android Studio; Kotlin,Cloud Computing,Creative,Diploma,Android Developer
Machine Learning; Python,Data Analysis,Analytical,PG,Data Scientist
PyTorch; Neural Networks,Web Development,Social,PG,ML Engineer
Azure; Cloud Security,Web Development,Logical,UG,Cloud Engineer
Android Studio; Kotlin,Marketing,Analytical,Diploma,Android Developer
Statistics; Python,App Development,Analytical,UG,Data Scientist
TensorFlow; Python,Mobile Development,Analytical,UG,ML Engineer
GCP; Cloud Architecture,Mobile Development,Social,UG,Cloud Engineer
Docker; Kubernetes,Web Development,Analytical,UG,DevOps Engineer
TensorFlow; Python,DevOps,Creative,Diploma,ML Engineer
AWS; Cloud,Mobile Development,Social,Diploma,Cloud Engineer
Python; SQL; PowerBI,Mobile Development,Analytical,PG,Data Scientist
Deep Learning; Python,Designing,Analytical,UG,ML Engineer
Wireframing; User Research,Programming,Logical,PG,UI/UX Designer
NextJS; JavaScript,Mobile Development,Creative,UG,Web Developer
TensorFlow; Python,Data Analysis,Logical,UG,ML Engineer
C++; DSA,Marketing,Logical,PG,Software Engineer
Social Media Marketing,Programming,Analytical,Diploma,Digital Marketer
AWS; Cloud,Marketing,Creative,PG,Cloud Engineer
Deep Learning; Python,Programming,Creative,Diploma,ML Engineer
Android; Flutter,Cloud Computing,Social,UG,Mobile App Developer
AWS; Cloud,App Development,Social,Diploma,Cloud Engineer
Statistics; Python,Data Analysis,Analytical,Diploma,Data Scientist
Email Marketing; Branding,Marketing,Logical,UG,Digital Marketer
Azure; Cloud Security,Machine Learning,Social,UG,Cloud Engineer
Linux; Bash; DevOps,Cloud Computing,Social,Diploma,DevOps Engineer
MERN Stack,Marketing,Creative,Diploma,Web Developer
Figma; Prototyping,Mobile Development,Social,PG,UI/UX Designer
TensorFlow; Python,Designing,Social,Diploma,ML Engineer
Figma; Prototyping,App Development,Social,UG,UI/UX Designer
Java; Spring,Mobile Development,Logical,UG,Software Engineer
HTML; CSS; JavaScript,Marketing,Analytical,PG,Web Developer
Azure; Cloud Security,DevOps,Social,Diploma,Cloud Engineer
React Native; JavaScript,Programming,Logical,PG,Mobile App Developer
Linux; Bash; DevOps,DevOps,Analytical,UG,DevOps Engineer
PyTorch; Neural Networks,Programming,Analytical,PG,ML Engineer
Flutter; Dart,Data Analysis,Logical,PG,Mobile App Developer
Azure; Cloud Security,Mobile Development,Logical,Diploma,Cloud Engineer
Android Studio; Kotlin,Mobile Development,Analytical,UG,Android Developer
AWS; Cloud,Machine Learning,Logical,UG,Cloud Engineer
Linux; Bash; DevOps,Marketing,Creative,UG,DevOps Engineer
Android; Flutter,Mobile Development,Social,UG,Mobile App Developer
Email Marketing; Branding,Mobile Development,Social,PG,Digital Marketer
Python; Data Analysis,Programming,Creative,Diploma,Data Scientist
CI/CD; Jenkins,Web Development,Analytical,UG,DevOps Engineer
Python; OOP,Machine Learning,Logical,PG,Software Engineer
Java; Spring,Mobile Development,Logical,Diploma,Software Engineer
Photoshop; Illustrator,Mobile Development,Social,Diploma,UI/UX Designer
HTML; CSS; JavaScript,Machine Learning,Analytical,PG,Web Developer
Python; OOP,Cloud Computing,Social,Diploma,Software Engineer
NextJS; JavaScript,Designing,Creative,UG,Web Developer
Git; GitHub,Machine Learning,Logical,UG,Software Engineer
Machine Learning; Python,Cloud Computing,Analytical,UG,Data Scientist
Azure; Cloud Security,Machine Learning,Analytical,PG,Cloud Engineer
Figma; Prototyping,Web Development,Analytical,Diploma,UI/UX Designer
Java; Android,DevOps,Creative,UG,Android Developer
Android Studio; Kotlin,App Development,Logical,UG,Android Developer
Android; Flutter,DevOps,Logical,UG,Mobile App Developer
React; NodeJS,App Development,Social,Diploma,Web Developer
CI/CD; Jenkins,Cloud Computing,Social,Diploma,DevOps Engineer
Photoshop; Illustrator,App Development,Creative,PG,UI/UX Designer
Canva; UI Design,Designing,Analytical,PG,UI/UX Designer
C++; DSA,Mobile Development,Creative,UG,Software Engineer
Flutter; Dart,Programming,Social,PG,Mobile App Developer
Android; Kotlin,Marketing,Creative,PG,Android Developer
Python; Pandas; NumPy,Machine Learning,Social,Diploma,Data Scientist
PyTorch; Neural Networks,Mobile Development,Creative,PG,ML Engineer
Linux; Bash; DevOps,Cloud Computing,Creative,Diploma,DevOps Engineer
Flutter; Dart,Marketing,Logical,UG,Mobile App Developer
Java; Android,Mobile Development,Creative,Diploma,Android Developer
Python; Pandas; NumPy,Designing,Creative,PG,Data Scientist
Email Marketing; Branding,Data Analysis,Social,UG,Digital Marketer
MERN Stack,Programming,Creative,UG,Web Developer
Azure; Cloud Security,DevOps,Creative,UG,Cloud Engineer
MERN Stack,Cloud Computing,Analytical,PG,Web Developer
Java; Spring,Web Development,Logical,PG,Software Engineer
Java; Android,App Development,Analytical,UG,Android Developer
CI/CD; Jenkins,Cloud Computing,Analytical,PG,DevOps Engineer
GCP; Cloud Architecture,Cloud Computing,Social,UG,Cloud Engineer
AWS; Cloud,DevOps,Social,UG,Cloud Engineer
AWS; Cloud,DevOps,Social,PG,Cloud Engineer
MERN Stack,Designing,Analytical,PG,Web Developer
Flutter; Dart,Data Analysis,Creative,PG,Mobile App Developer
Wireframing; User Research,Marketing,Analytical,UG,UI/UX Designer
Android; Kotlin,Designing,Creative,Diploma,Android Developer
Android; Flutter,App Development,Analytical,Diploma,Mobile App Developer
Email Marketing; Branding,Designing,Social,Diploma,Digital Marketer
AWS; Cloud,Designing,Analytical,Diploma,Cloud Engineer
AWS; Cloud,Marketing,Creative,Diploma,Cloud Engineer
Statistics; Python,Cloud Computing,Logical,UG,Data Scientist
React Native; JavaScript,Programming,Analytical,Diploma,Mobile App Developer
Git; GitHub,Programming,Logical,UG,Software Engineer
Deep Learning; Python,Programming,Logical,PG,ML Engineer
Deep Learning; Python,Programming,Analytical,UG,ML Engineer
Machine Learning; Python,Machine Learning,Creative,UG,Data Scientist
Wireframing; User Research,Marketing,Creative,PG,UI/UX Designer
PyTorch; Neural Networks,Data Analysis,Social,PG,ML Engineer
React; NodeJS,Programming,Analytical,UG,Web Developer
C++; DSA,Cloud Computing,Social,PG,Software Engineer
Android; Kotlin,DevOps,Creative,PG,Android Developer
React; NodeJS,Data Analysis,Analytical,PG,Web Developer
Linux; Bash; DevOps,Marketing,Creative,UG,DevOps Engineer
Android; Kotlin,App Development,Social,UG,Android Developer
Canva; UI Design,Data Analysis,Analytical,PG,UI/UX Designer
AWS; Cloud,Marketing,Analytical,UG,Cloud Engineer
Social Media Marketing,Programming,Social,UG,Digital Marketer
React Native; JavaScript,Web Development,Logical,Diploma,Mobile App Developer
Java; Android,DevOps,Logical,Diploma,Android Developer
Machine Learning; Python,Programming,Analytical,UG,Data Scientist
Java; Android,Web Development,Creative,UG,Android Developer
Deep Learning; Python,Designing,Creative,UG,ML Engineer
Linux; Bash; DevOps,Machine Learning,Social,UG,DevOps Engineer
Machine Learning; Python,Data Analysis,Creative,UG,Data Scientist
Figma; Prototyping,Cloud Computing,Social,Diploma,UI/UX Designer
Azure; Cloud Security,Mobile Development,Analytical,PG,Cloud Engineer
GCP; Cloud Architecture,Machine Learning,Analytical,UG,Cloud Engineer
CI/CD; Jenkins,Cloud Computing,Analytical,UG,DevOps Engineer
Photoshop; Illustrator,Machine Learning,Analytical,PG,UI/UX Designer
Java; Android,Machine Learning,Creative,UG,Android Developer
Canva; UI Design,Machine Learning,Logical,UG,UI/UX Designer
CI/CD; Jenkins,DevOps,Creative,PG,DevOps Engineer
Deep Learning; Python,App Development,Logical,PG,ML Engineer
CI/CD; Jenkins,Marketing,Analytical,PG,DevOps Engineer
CI/CD; Jenkins,Programming,Logical,PG,DevOps Engineer
Java; Spring,Programming,Analytical,Diploma,Software Engineer
Android; Flutter,Programming,Creative,Diploma,Mobile App Developer
Social Media Marketing,Machine Learning,Analytical,UG,Digital Marketer
GCP; Cloud Architecture,Mobile Development,Social,PG,Cloud Engineer
Email Marketing; Branding,Marketing,Social,Diploma,Digital Marketer
Git; GitHub,Designing,Creative,PG,Software Engineer
Git; GitHub,Marketing,Logical,UG,Software Engineer
AWS; Cloud,Mobile Development,Creative,Diploma,Cloud Engineer
Statistics; Python,Programming,Logical,Diploma,Data Scientist
Statistics; Python,Data Analysis,Creative,UG,Data Scientist
MERN Stack,Designing,Social,UG,Web Developer
C++; DSA,Web Development,Social,PG,Software Engineer
Figma; Prototyping,Mobile Development,Social,PG,UI/UX Designer
Linux; Bash; DevOps,Data Analysis,Social,PG,DevOps Engineer
Linux; Bash; DevOps,DevOps,Analytical,PG,DevOps Engineer
Git; GitHub,Machine Learning,Creative,UG,Software Engineer
Python; Pandas; NumPy,DevOps,Creative,UG,Data Scientist
Android Studio; Kotlin,Web Development,Logical,PG,Android Developer
Android; Kotlin,Marketing,Creative,UG,Android Developer
Machine Learning; Python,Mobile Development,Analytical,Diploma,Data Scientist
PyTorch; Neural Networks,Cloud Computing,Creative,UG,ML Engineer
Python; SQL; PowerBI,Machine Learning,Logical,UG,Data Scientist
Google Ads; Analytics,DevOps,Analytical,UG,Digital Marketer
Linux; Bash; DevOps,Data Analysis,Analytical,PG,DevOps Engineer
React Native; JavaScript,DevOps,Social,PG,Mobile App Developer
Java; Android,Machine Learning,Social,Diploma,Android Developer
Docker; Kubernetes,DevOps,Analytical,UG,DevOps Engineer
Machine Learning; Python,Web Development,Social,Diploma,Data Scientist
Google Ads; Analytics,DevOps,Analytical,PG,Digital Marketer
Python; Pandas; NumPy,Programming,Social,Diploma,Data Scientist
Android; Flutter,DevOps,Social,UG,Mobile App Developer
Linux; Bash; DevOps,Web Development,Logical,Diploma,DevOps Engineer
SEO; Content Writing,DevOps,Creative,PG,Digital Marketer
Flutter; Dart,Marketing,Logical,UG,Mobile App Developer
AWS; Cloud,Programming,Creative,PG,Cloud Engineer
Python; SQL; PowerBI,Machine Learning,Social,Diploma,Data Scientist
Photoshop; Illustrator,Data Analysis,Logical,PG,UI/UX Designer
Java; Spring,Designing,Analytical,Diploma,Software Engineer
React Native; JavaScript,Marketing,Logical,PG,Mobile App Developer
Photoshop; Illustrator,DevOps,Analytical,PG,UI/UX Designer
NextJS; JavaScript,Data Analysis,Creative,UG,Web Developer
Python; Data Analysis,Programming,Analytical,PG,Data Scientist
CI/CD; Jenkins,Programming,Creative,UG,DevOps Engineer
GCP; Cloud Architecture,Web Development,Analytical,UG,Cloud Engineer
Android Studio; Kotlin,Data Analysis,Analytical,Diploma,Android Developer
Android Studio; Kotlin,Machine Learning,Creative,Diploma,Android Developer
Android Studio; Kotlin,Web Development,Analytical,PG,Android Developer
Wireframing; User Research,Cloud Computing,Logical,Diploma,UI/UX Designer
Linux; Bash; DevOps,DevOps,Creative,PG,DevOps Engineer
Python; OOP,Marketing,Creative,Diploma,Software Engineer
Java; Spring,Mobile Development,Creative,UG,Software Engineer
Flutter; Dart,Web Development,Analytical,PG,Mobile App Developer
Java; Android,Marketing,Analytical,PG,Android Developer
Android Studio; Kotlin,Cloud Computing,Creative,Diploma,Android Developer
React; NodeJS,Programming,Social,Diploma,Web Developer
Android; Kotlin,Mobile Development,Logical,PG,Android Developer
Python; ML Algorithms,Marketing,Logical,Diploma,ML Engineer
SEO; Content Writing,App Development,Social,Diploma,Digital Marketer
React Native; JavaScript,Marketing,Analytical,UG,Mobile App Developer
Android Studio; Kotlin,Designing,Analytical,Diploma,Android Developer
Azure; Cloud Security,Cloud Computing,Logical,Diploma,Cloud Engineer
Python; OOP,Programming,Logical,PG,Software Engineer
TensorFlow; Python,DevOps,Analytical,PG,ML Engineer
CI/CD; Jenkins,Mobile Development,Creative,UG,DevOps Engineer
Wireframing; User Research,App Development,Logical,Diploma,UI/UX Designer
SEO; Content Writing,Web Development,Analytical,PG,Digital Marketer
Social Media Marketing,Data Analysis,Creative,UG,Digital Marketer
React Native; JavaScript,App Development,Creative,Diploma,Mobile App Developer
Azure; Cloud Security,App Development,Creative,Diploma,Cloud Engineer
Statistics; Python,Marketing,Logical,Diploma,Data Scientist
Azure; Cloud Security,DevOps,Social,Diploma,Cloud Engineer
Android Studio; Kotlin,Web Development,Logical,Diploma,Android Developer
React; NodeJS,Cloud Computing,Social,UG,Web Developer
Python; Pandas; NumPy,Cloud Computing,Social,UG,Data Scientist
Canva; UI Design,App Development,Analytical,PG,UI/UX Designer
Python; Pandas; NumPy,Marketing,Analytical,PG,Data Scientist
Social Media Marketing,Mobile Development,Creative,PG,Digital Marketer
Docker; Kubernetes,Mobile Development,Creative,PG,DevOps Engineer
Git; GitHub,Programming,Social,UG,Software Engineer
Figma; Prototyping,Machine Learning,Creative,UG,UI/UX Designer
Android Studio; Kotlin,Designing,Logical,PG,Android Developer
PyTorch; Neural Networks,DevOps,Creative,PG,ML Engineer
SEO; Content Writing,Web Development,Logical,PG,Digital Marketer
C++; DSA,App Development,Logical,PG,Software Engineer
Figma; Prototyping,Machine Learning,Analytical,PG,UI/UX Designer
Python; SQL; PowerBI,Marketing,Logical,PG,Data Scientist
Social Media Marketing,Machine Learning,Creative,UG,Digital Marketer
Java; Spring,Designing,Creative,UG,Software Engineer
Linux; Bash; DevOps,Designing,Logical,Diploma,DevOps Engineer
Python; ML Algorithms,Cloud Computing,Analytical,Diploma,ML Engineer
Java; Spring,App Development,Analytical,Diploma,Software Engineer
Java; Android,Mobile Development,Social,UG,Android Developer
Linux; Bash; DevOps,Machine Learning,Creative,UG,DevOps Engineer
Android; Flutter,App Development,Social,PG,Mobile App Developer
Docker; Kubernetes,Web Development,Creative,PG,DevOps Engineer
TensorFlow; Python,Designing,Social,UG,ML Engineer
Azure; Cloud Security,Machine Learning,Logical,Diploma,Cloud Engineer
Wireframing; User Research,Mobile Development,Social,Diploma,UI/UX Designer
AWS; Cloud,Machine Learning,Logical,UG,Cloud Engineer
Canva; UI Design,Data Analysis,Logical,Diploma,UI/UX Designer
Python; Data Analysis,Marketing,Creative,PG,Data Scientist
Python; OOP,Data Analysis,Analytical,UG,Software Engineer
CI/CD; Jenkins,App Development,Analytical,UG,DevOps Engineer
Flutter; Dart,Designing,Logical,UG,Mobile App Developer
Python; Data Analysis,Marketing,Analytical,Diploma,Data Scientist
Java; Spring,Mobile Development,Analytical,PG,Software Engineer
Python; OOP,Web Development,Creative,PG,Software Engineer
Python; ML Algorithms,Designing,Logical,UG,ML Engineer
Google Ads; Analytics,Cloud Computing,Analytical,PG,Digital Marketer
Flutter; Dart,DevOps,Social,Diploma,Mobile App Developer
Flutter; Dart,Designing,Logical,Diploma,Mobile App Developer
Git; GitHub,App Development,Social,UG,Software Engineer
C++; DSA,App Development,Creative,PG,Software Engineer
Flutter; Dart,Programming,Social,PG,Mobile App Developer
Java; Android,App Development,Creative,PG,Android Developer
Azure; Cloud Security,Mobile Development,Creative,UG,Cloud Engineer
Flutter; Dart,Machine Learning,Creative,Diploma,Mobile App Developer
Linux; Bash; DevOps,Web Development,Analytical,Diploma,DevOps Engineer
React; NodeJS,Programming,Creative,UG,Web Developer
NextJS; JavaScript,Data Analysis,Logical,PG,Web Developer
Email Marketing; Branding,Designing,Social,UG,Digital Marketer
Python; Data Analysis,Cloud Computing,Social,Diploma,Data Scientist
CI/CD; Jenkins,Web Development,Social,PG,DevOps Engineer
Google Ads; Analytics,App Development,Creative,PG,Digital Marketer
Photoshop; Illustrator,Machine Learning,Logical,UG,UI/UX Designer
React; NodeJS,Marketing,Creative,PG,Web Developer
Social Media Marketing,DevOps,Logical,UG,Digital Marketer
Docker; Kubernetes,Designing,Social,PG,DevOps Engineer
Android; Flutter,Web Development,Analytical,UG,Mobile App Developer
Canva; UI Design,Cloud Computing,Logical,UG,UI/UX Designer
Social Media Marketing,Marketing,Social,Diploma,Digital Marketer
Statistics; Python,Programming,Creative,UG,Data Scientist
MERN Stack,Marketing,Logical,PG,Web Developer
AWS; Cloud,Data Analysis,Social,PG,Cloud Engineer
Android; Flutter,Web Development,Analytical,UG,Mobile App Developer
Wireframing; User Research,Cloud Computing,Social,Diploma,UI/UX Designer
Docker; Kubernetes,Marketing,Creative,PG,DevOps Engineer
React; NodeJS,Designing,Logical,PG,Web Developer
Java; Spring,Web Development,Logical,Diploma,Software Engineer
Android Studio; Kotlin,App Development,Logical,Diploma,Android Developer
Linux; Bash; DevOps,Marketing,Analytical,UG,DevOps Engineer
Google Ads; Analytics,Data Analysis,Analytical,PG,Digital Marketer
Python; SQL; PowerBI,Machine Learning,Analytical,Diploma,Data Scientist
Python; SQL; PowerBI,Designing,Analytical,Diploma,Data Scientist
Azure; Cloud Security,Designing,Creative,UG,Cloud Engineer
Python; OOP,Marketing,Social,UG,Software Engineer
Linux; Bash; DevOps,Cloud Computing,Logical,UG,DevOps Engineer
MERN Stack,Mobile Development,Analytical,PG,Web Developer
Canva; UI Design,Data Analysis,Logical,Diploma,UI/UX Designer
Figma; Prototyping,App Development,Analytical,UG,UI/UX Designer
Email Marketing; Branding,Cloud Computing,Logical,UG,Digital Marketer
CI/CD; Jenkins,Web Development,Creative,PG,DevOps Engineer
Android Studio; Kotlin,Cloud Computing,Logical,PG,Android Developer
SEO; Content Writing,Cloud Computing,Social,PG,Digital Marketer
Android; Flutter,App Development,Logical,PG,Mobile App Developer
Photoshop; Illustrator,Marketing,Logical,PG,UI/UX Designer
CI/CD; Jenkins,Designing,Analytical,PG,DevOps Engineer
Figma; Prototyping,App Development,Logical,PG,UI/UX Designer
Photoshop; Illustrator,Data Analysis,Social,Diploma,UI/UX Designer
C++; DSA,App Development,Analytical,PG,Software Engineer
Google Ads; Analytics,Programming,Creative,PG,Digital Marketer
Java; Spring,Machine Learning,Analytical,Diploma,Software Engineer
Python; Data Analysis,Programming,Logical,PG,Data Scientist
Photoshop; Illustrator,Programming,Analytical,PG,UI/UX Designer
Email Marketing; Branding,Web Development,Creative,UG,Digital Marketer
Google Ads; Analytics,Machine Learning,Creative,UG,Digital Marketer
Deep Learning; Python,Marketing,Analytical,Diploma,ML Engineer
Python; Pandas; NumPy,Designing,Social,PG,Data Scientist
Deep Learning; Python,Programming,Analytical,UG,ML Engineer
Figma; Prototyping,Programming,Social,PG,UI/UX Designer
Python; ML Algorithms,Marketing,Analytical,UG,ML Engineer
Java; Spring,Web Development,Analytical,PG,Software Engineer
Python; SQL; PowerBI,Programming,Creative,PG,Data Scientist
GCP; Cloud Architecture,Mobile Development,Analytical,PG,Cloud Engineer
Figma; Prototyping,Designing,Analytical,UG,UI/UX Designer
Statistics; Python,Designing,Logical,Diploma,Data Scientist
Docker; Kubernetes,Web Development,Creative,UG,DevOps Engineer
C++; DSA,Designing,Social,PG,Software Engineer
Azure; Cloud Security,Mobile Development,Social,PG,Cloud Engineer
SEO; Content Writing,Programming,Social,UG,Digital Marketer
Java; Android,Web Development,Social,PG,Android Developer
SEO; Content Writing,Marketing,Logical,Diploma,Digital Marketer
Android; Kotlin,Marketing,Logical,UG,Android Developer
Wireframing; User Research,Programming,Creative,PG,UI/UX Designer
Git; GitHub,Programming,Analytical,UG,Software Engineer
CI/CD; Jenkins,Marketing,Social,Diploma,DevOps Engineer
Azure; Cloud Security,Marketing,Analytical,PG,Cloud Engineer
Python; SQL; PowerBI,DevOps,Analytical,Diploma,Data Scientist
Machine Learning; Python,Cloud Computing,Analytical,Diploma,Data Scientist
CI/CD; Jenkins,Machine Learning,Creative,Diploma,DevOps Engineer
Photoshop; Illustrator,Marketing,Creative,Diploma,UI/UX Designer
GCP; Cloud Architecture,Web Development,Creative,Diploma,Cloud Engineer
Python; OOP,Web Development,Creative,UG,Software Engineer
Python; Pandas; NumPy,Designing,Logical,PG,Data Scientist
Python; Data Analysis,Machine Learning,Social,PG,Data Scientist
Google Ads; Analytics,Designing,Logical,Diploma,Digital Marketer
React; NodeJS,Designing,Social,PG,Web Developer
Email Marketing; Branding,Mobile Development,Social,PG,Digital Marketer
TensorFlow; Python,App Development,Creative,PG,ML Engineer
PyTorch; Neural Networks,Programming,Creative,PG,ML Engineer
HTML; CSS; JavaScript,Data Analysis,Social,UG,Web Developer
Deep Learning; Python,Programming,Creative,Diploma,ML Engineer
Android; Flutter,DevOps,Logical,Diploma,Mobile App Developer
Java; Android,Machine Learning,Analytical,Diploma,Android Developer
Android Studio; Kotlin,Designing,Creative,PG,Android Developer
Android; Kotlin,Programming,Logical,UG,Android Developer
C++; DSA,Designing,Social,UG,Software Engineer
Java; Spring,Marketing,Creative,Diploma,Software Engineer
CI/CD; Jenkins,Data Analysis,Analytical,UG,DevOps Engineer
C++; DSA,App Development,Social,PG,Software Engineer
GCP; Cloud Architecture,Web Development,Creative,PG,Cloud Engineer
Figma; Prototyping,Designing,Creative,PG,UI/UX Designer
Python; ML Algorithms,Programming,Social,Diploma,ML Engineer
React Native; JavaScript,Data Analysis,Social,Diploma,Mobile App Developer
Wireframing; User Research,Cloud Computing,Logical,Diploma,UI/UX Designer
Flutter; Dart,Programming,Analytical,PG,Mobile App Developer
Java; Android,Marketing,Creative,PG,Android Developer
Android; Flutter,App Development,Analytical,UG,Mobile App Developer
Deep Learning; Python,Cloud Computing,Creative,Diploma,ML Engineer
Android; Kotlin,Machine Learning,Logical,UG,Android Developer
Azure; Cloud Security,Mobile Development,Social,UG,Cloud Engineer
Deep Learning; Python,Designing,Creative,UG,ML Engineer
Docker; Kubernetes,DevOps,Social,UG,DevOps Engineer
Docker; Kubernetes,Mobile Development,Analytical,Diploma,DevOps Engineer
Java; Spring,App Development,Analytical,UG,Software Engineer
Git; GitHub,App Development,Creative,Diploma,Software Engineer
Email Marketing; Branding,Data Analysis,Logical,PG,Digital Marketer
Google Ads; Analytics,Marketing,Creative,Diploma,Digital Marketer
Wireframing; User Research,Designing,Logical,UG,UI/UX Designer
TensorFlow; Python,Cloud Computing,Social,PG,ML Engineer
Deep Learning; Python,App Development,Creative,PG,ML Engineer
Email Marketing; Branding,Data Analysis,Logical,Diploma,Digital Marketer
Azure; Cloud Security,Web Development,Social,Diploma,Cloud Engineer
React; NodeJS,Programming,Creative,PG,Web Developer
Docker; Kubernetes,Programming,Analytical,Diploma,DevOps Engineer
Python; SQL; PowerBI,Cloud Computing,Creative,UG,Data Scientist
Android Studio; Kotlin,Web Development,Social,Diploma,Android Developer
Android; Kotlin,DevOps,Logical,PG,Android Developer
Python; OOP,DevOps,Logical,Diploma,Software Engineer
Google Ads; Analytics,Designing,Logical,Diploma,Digital Marketer
Social Media Marketing,Cloud Computing,Logical,UG,Digital Marketer
Linux; Bash; DevOps,DevOps,Analytical,UG,DevOps Engineer
React; NodeJS,Marketing,Social,UG,Web Developer
CI/CD; Jenkins,Mobile Development,Logical,PG,DevOps Engineer
TensorFlow; Python,Web Development,Analytical,Diploma,ML Engineer
Git; GitHub,App Development,Analytical,PG,Software Engineer
PyTorch; Neural Networks,Designing,Logical,Diploma,ML Engineer
NextJS; JavaScript,Data Analysis,Social,Diploma,Web Developer
Email Marketing; Branding,Data Analysis,Creative,Diploma,Digital Marketer
CI/CD; Jenkins,Marketing,Social,UG,DevOps Engineer
NextJS; JavaScript,Programming,Logical,UG,Web Developer
C++; DSA,Programming,Social,UG,Software Engineer
Photoshop; Illustrator,Marketing,Analytical,Diploma,UI/UX Designer
Python; ML Algorithms,Mobile Development,Analytical,UG,ML Engineer
Java; Spring,Data Analysis,Social,UG,Software Engineer
Google Ads; Analytics,Cloud Computing,Logical,Diploma,Digital Marketer
PyTorch; Neural Networks,DevOps,Social,PG,ML Engineer
C++; DSA,App Development,Creative,PG,Software Engineer
Email Marketing; Branding,App Development,Analytical,PG,Digital Marketer
GCP; Cloud Architecture,Data Analysis,Creative,UG,Cloud Engineer
Social Media Marketing,Programming,Social,UG,Digital Marketer
TensorFlow; Python,DevOps,Creative,UG,ML Engineer
Python; OOP,App Development,Creative,Diploma,Software Engineer
Android Studio; Kotlin,Marketing,Logical,UG,Android Developer
Git; GitHub,App Development,Social,Diploma,Software Engineer
Google Ads; Analytics,Machine Learning,Social,Diploma,Digital Marketer
Statistics; Python,Marketing,Logical,Diploma,Data Scientist
Java; Android,Marketing,Creative,Diploma,Android Developer
C++; DSA,App Development,Analytical,UG,Software Engineer
Deep Learning; Python,Mobile Development,Social,PG,ML Engineer
Figma; Prototyping,Data Analysis,Analytical,Diploma,UI/UX Designer
C++; DSA,Data Analysis,Creative,PG,Software Engineer
Social Media Marketing,Designing,Analytical,PG,Digital Marketer
HTML; CSS; JavaScript,Marketing,Creative,Diploma,Web Developer
Python; ML Algorithms,Programming,Social,Diploma,ML Engineer
Wireframing; User Research,Web Development,Logical,Diploma,UI/UX Designer
Python; Pandas; NumPy,Cloud Computing,Social,UG,Data Scientist
HTML; CSS; JavaScript,Programming,Social,UG,Web Developer
Google Ads; Analytics,Designing,Analytical,Diploma,Digital Marketer
Python; SQL; PowerBI,Machine Learning,Logical,PG,Data Scientist
Java; Spring,Machine Learning,Social,UG,Software Engineer
SEO; Content Writing,Marketing,Creative,Diploma,Digital Marketer
React; NodeJS,Web Development,Analytical,PG,Web Developer
React Native; JavaScript,Cloud Computing,Analytical,PG,Mobile App Developer
HTML; CSS; JavaScript,Mobile Development,Creative,Diploma,Web Developer
Java; Android,Data Analysis,Logical,UG,Android Developer
Wireframing; User Research,Marketing,Analytical,Diploma,UI/UX Designer
Android Studio; Kotlin,App Development,Creative,Diploma,Android Developer
Email Marketing; Branding,Mobile Development,Creative,PG,Digital Marketer
Python; Data Analysis,Data Analysis,Analytical,UG,Data Scientist
HTML; CSS; JavaScript,Machine Learning,Analytical,Diploma,Web Developer
Java; Spring,Cloud Computing,Social,UG,Software Engineer
Machine Learning; Python,Mobile Development,Creative,UG,Data Scientist
Flutter; Dart,App Development,Creative,Diploma,Mobile App Developer
Flutter; Dart,App Development,Logical,Diploma,Mobile App Developer
HTML; CSS; JavaScript,Data Analysis,Analytical,UG,Web Developer
Java; Android,Machine Learning,Logical,Diploma,Android Developer
Python; SQL; PowerBI,Mobile Development,Social,UG,Data Scientist
Android Studio; Kotlin,Web Development,Creative,Diploma,Android Developer
Android; Kotlin,Cloud Computing,Logical,Diploma,Android Developer
Python; OOP,Mobile Development,Social,UG,Software Engineer
HTML; CSS; JavaScript,Programming,Creative,PG,Web Developer
Machine Learning; Python,App Development,Creative,PG,Data Scientist
C++; DSA,Marketing,Creative,PG,Software Engineer
Social Media Marketing,Designing,Social,Diploma,Digital Marketer
Flutter; Dart,Designing,Analytical,UG,Mobile App Developer
Android; Kotlin,Marketing,Logical,Diploma,Android Developer
Google Ads; Analytics,Web Development,Social,UG,Digital Marketer
Java; Android,DevOps,Creative,UG,Android Developer
React Native; JavaScript,Web Development,Social,UG,Mobile App Developer
Photoshop; Illustrator,DevOps,Social,PG,UI/UX Designer
TensorFlow; Python,Web Development,Logical,UG,ML Engineer
Android; Flutter,Marketing,Social,UG,Mobile App Developer
Social Media Marketing,Cloud Computing,Social,UG,Digital Marketer
C++; DSA,Data Analysis,Analytical,PG,Software Engineer
Google Ads; Analytics,Mobile Development,Creative,Diploma,Digital Marketer
Social Media Marketing,DevOps,Social,PG,Digital Marketer
GCP; Cloud Architecture,DevOps,Creative,UG,Cloud Engineer
AWS; Cloud,Cloud Computing,Analytical,UG,Cloud Engineer
GCP; Cloud Architecture,Programming,Creative,UG,Cloud Engineer
Docker; Kubernetes,Marketing,Social,UG,DevOps Engineer
Python; SQL; PowerBI,Web Development,Logical,PG,Data Scientist
Figma; Prototyping,Mobile Development,Creative,Diploma,UI/UX Designer
Python; OOP,Data Analysis,Creative,UG,Software Engineer
Android; Flutter,Data Analysis,Social,PG,Mobile App Developer
GCP; Cloud Architecture,App Development,Analytical,PG,Cloud Engineer
Java; Android,Machine Learning,Creative,PG,Android Developer
Python; Data Analysis,Data Analysis,Creative,PG,Data Scientist
AWS; Cloud,Mobile Development,Logical,UG,Cloud Engineer
Python; ML Algorithms,Web Development,Social,Diploma,ML Engineer
CI/CD; Jenkins,Data Analysis,Creative,Diploma,DevOps Engineer
Python; Data Analysis,Data Analysis,Analytical,PG,Data Scientist
Deep Learning; Python,Web Development,Social,PG,ML Engineer
Java; Android,Marketing,Creative,UG,Android Developer
C++; DSA,DevOps,Creative,UG,Software Engineer
AWS; Cloud,App Development,Logical,PG,Cloud Engineer
Android; Kotlin,Machine Learning,Analytical,UG,Android Developer
Flutter; Dart,Marketing,Analytical,PG,Mobile App Developer
Android; Flutter,Machine Learning,Logical,PG,Mobile App Developer
Python; ML Algorithms,Machine Learning,Logical,UG,ML Engineer
Deep Learning; Python,Marketing,Analytical,Diploma,ML Engineer
Linux; Bash; DevOps,DevOps,Social,Diploma,DevOps Engineer
Photoshop; Illustrator,Marketing,Creative,UG,UI/UX Designer
HTML; CSS; JavaScript,Data Analysis,Social,Diploma,Web Developer
Android; Kotlin,Marketing,Analytical,Diploma,Android Developer
Python; ML Algorithms,Programming,Analytical,UG,ML Engineer
MERN Stack,Marketing,Creative,UG,Web Developer
Java; Spring,App Development,Creative,Diploma,Software Engineer
Python; SQL; PowerBI,Mobile Development,Creative,UG,Data Scientist
HTML; CSS; JavaScript,App Development,Analytical,PG,Web Developer
Android Studio; Kotlin,Cloud Computing,Logical,Diploma,Android Developer
Flutter; Dart,Data Analysis,Social,Diploma,Mobile App Developer
Statistics; Python,Designing,Social,PG,Data Scientist
C++; DSA,DevOps,Logical,Diploma,Software Engineer
Machine Learning; Python,Designing,Analytical,UG,Data Scientist
Python; ML Algorithms,Machine Learning,Creative,PG,ML Engineer
Python; Pandas; NumPy,Machine Learning,Logical,Diploma,Data Scientist
Google Ads; Analytics,DevOps,Social,PG,Digital Marketer
Machine Learning; Python,Designing,Creative,UG,Data Scientist
Python; ML Algorithms,DevOps,Logical,PG,ML Engineer
Android; Kotlin,App Development,Analytical,Diploma,Android Developer
Azure; Cloud Security,Mobile Development,Creative,UG,Cloud Engineer
Git; GitHub,Machine Learning,Analytical,PG,Software Engineer
Email Marketing; Branding,Programming,Logical,UG,Digital Marketer
Python; OOP,Data Analysis,Creative,UG,Software Engineer
Social Media Marketing,App Development,Analytical,Diploma,Digital Marketer
Python; Pandas; NumPy,Machine Learning,Analytical,Diploma,Data Scientist
Flutter; Dart,Data Analysis,Analytical,PG,Mobile App Developer
Azure; Cloud Security,Machine Learning,Creative,PG,Cloud Engineer
React Native; JavaScript,Programming,Social,PG,Mobile App Developer
Java; Android,App Development,Social,PG,Android Developer
MERN Stack,App Development,Social,UG,Web Developer
Git; GitHub,Web Development,Analytical,PG,Software Engineer
Azure; Cloud Security,App Development,Analytical,UG,Cloud Engineer
Azure; Cloud Security,Cloud Computing,Logical,Diploma,Cloud Engineer
Flutter; Dart,Designing,Social,UG,Mobile App Developer
GCP; Cloud Architecture,Designing,Creative,UG,Cloud Engineer
Docker; Kubernetes,App Development,Analytical,UG,DevOps Engineer
GCP; Cloud Architecture,App Development,Social,Diploma,Cloud Engineer
Email Marketing; Branding,Mobile Development,Social,UG,Digital Marketer
Java; Android,Designing,Creative,Diploma,Android Developer
Python; SQL; PowerBI,Machine Learning,Social,Diploma,Data Scientist
Python; OOP,Cloud Computing,Social,PG,Software Engineer
Deep Learning; Python,Designing,Analytical,Diploma,ML Engineer
Python; SQL; PowerBI,Mobile Development,Social,PG,Data Scientist
Android Studio; Kotlin,Marketing,Creative,UG,Android Developer
Python; SQL; PowerBI,DevOps,Creative,PG,Data Scientist
Flutter; Dart,Programming,Logical,Diploma,Mobile App Developer
Figma; Prototyping,Mobile Development,Creative,Diploma,UI/UX Designer
Email Marketing; Branding,App Development,Social,UG,Digital Marketer
Git; GitHub,App Development,Creative,PG,Software Engineer
Python; SQL; PowerBI,Machine Learning,Logical,Diploma,Data Scientist
Google Ads; Analytics,Machine Learning,Analytical,UG,Digital Marketer
Linux; Bash; DevOps,Cloud Computing,Social,UG,DevOps Engineer
C++; DSA,Cloud Computing,Social,UG,Software Engineer
Wireframing; User Research,Designing,Social,Diploma,UI/UX Designer
Google Ads; Analytics,App Development,Analytical,PG,Digital Marketer
MERN Stack,Machine Learning,Creative,Diploma,Web Developer
Android; Kotlin,Machine Learning,Social,UG,Android Developer
Python; OOP,Mobile Development,Analytical,PG,Software Engineer
NextJS; JavaScript,Cloud Computing,Creative,UG,Web Developer
Photoshop; Illustrator,DevOps,Logical,PG,UI/UX Designer
Figma; Prototyping,Marketing,Logical,UG,UI/UX Designer
Java; Android,Cloud Computing,Social,UG,Android Developer
Figma; Prototyping,App Development,Analytical,UG,UI/UX Designer
Machine Learning; Python,Marketing,Analytical,PG,Data Scientist
Machine Learning; Python,Web Development,Analytical,UG,Data Scientist
Python; ML Algorithms,App Development,Creative,PG,ML Engineer
Python; ML Algorithms,Cloud Computing,Social,UG,ML Engineer
NextJS; JavaScript,Web Development,Analytical,PG,Web Developer
Android; Flutter,Data Analysis,Social,UG,Mobile App Developer
Java; Spring,App Development,Analytical,UG,Software Engineer
SEO; Content Writing,Web Development,Analytical,Diploma,Digital Marketer
Photoshop; Illustrator,Marketing,Social,UG,UI/UX Designer
HTML; CSS; JavaScript,App Development,Logical,Diploma,Web Developer
Deep Learning; Python,Data Analysis,Analytical,PG,ML Engineer
Java; Android,App Development,Analytical,Diploma,Android Developer
React Native; JavaScript,Mobile Development,Analytical,Diploma,Mobile App Developer
Android Studio; Kotlin,Web Development,Social,PG,Android Developer
Flutter; Dart,Designing,Logical,UG,Mobile App Developer
CI/CD; Jenkins,Data Analysis,Logical,PG,DevOps Engineer
CI/CD; Jenkins,Marketing,Analytical,Diploma,DevOps Engineer
PyTorch; Neural Networks,App Development,Creative,Diploma,ML Engineer
Docker; Kubernetes,DevOps,Social,UG,DevOps Engineer
C++; DSA,Programming,Logical,Diploma,Software Engineer
Linux; Bash; DevOps,Programming,Logical,PG,DevOps Engineer
Linux; Bash; DevOps,Machine Learning,Analytical,Diploma,DevOps Engineer
React Native; JavaScript,Mobile Development,Creative,PG,Mobile App Developer
Docker; Kubernetes,Cloud Computing,Logical,PG,DevOps Engineer
Python; Data Analysis,Cloud Computing,Creative,UG,Data Scientist
Figma; Prototyping,App Development,Logical,Diploma,UI/UX Designer
Linux; Bash; DevOps,Mobile Development,Creative,UG,DevOps Engineer
Linux; Bash; DevOps,App Development,Creative,PG,DevOps Engineer
MERN Stack,Machine Learning,Social,PG,Web Developer
SEO; Content Writing,Cloud Computing,Logical,UG,Digital Marketer
C++; DSA,Programming,Logical,Diploma,Software Engineer
Azure; Cloud Security,Cloud Computing,Social,PG,Cloud Engineer
Python; ML Algorithms,Marketing,Analytical,UG,ML Engineer
Python; ML Algorithms,Cloud Computing,Logical,Diploma,ML Engineer
Social Media Marketing,App Development,Social,PG,Digital Marketer
Android Studio; Kotlin,Programming,Analytical,Diploma,Android Developer
Python; Pandas; NumPy,Programming,Analytical,UG,Data Scientist
Android; Flutter,App Development,Social,PG,Mobile App Developer
SEO; Content Writing,DevOps,Creative,PG,Digital Marketer
Python; Data Analysis,Web Development,Logical,Diploma,Data Scientist
Docker; Kubernetes,Web Development,Analytical,PG,DevOps Engineer
C++; DSA,Designing,Creative,UG,Software Engineer
React; NodeJS,Designing,Creative,UG,Web Developer
SEO; Content Writing,Web Development,Logical,PG,Digital Marketer
Python; Pandas; NumPy,DevOps,Social,Diploma,Data Scientist
Android; Flutter,Machine Learning,Analytical,UG,Mobile App Developer
React; NodeJS,DevOps,Analytical,Diploma,Web Developer
AWS; Cloud,Cloud Computing,Logical,Diploma,Cloud Engineer
Python; Data Analysis,Machine Learning,Analytical,Diploma,Data Scientist
Photoshop; Illustrator,Data Analysis,Analytical,PG,UI/UX Designer
Android; Kotlin,Cloud Computing,Creative,UG,Android Developer
Java; Spring,DevOps,Creative,PG,Software Engineer
Python; ML Algorithms,Marketing,Logical,UG,ML Engineer
Flutter; Dart,Web Development,Social,PG,Mobile App Developer
React Native; JavaScript,Web Development,Social,Diploma,Mobile App Developer
Deep Learning; Python,Data Analysis,Analytical,Diploma,ML Engineer
Python; Pandas; NumPy,Data Analysis,Logical,UG,Data Scientist
Figma; Prototyping,Programming,Creative,UG,UI/UX Designer
Canva; UI Design,Cloud Computing,Logical,Diploma,UI/UX Designer
SEO; Content Writing,DevOps,Creative,UG,Digital Marketer
CI/CD; Jenkins,Cloud Computing,Logical,UG,DevOps Engineer
Canva; UI Design,Designing,Creative,PG,UI/UX Designer
Android Studio; Kotlin,App Development,Social,UG,Android Developer
TensorFlow; Python,Marketing,Logical,Diploma,ML Engineer
Figma; Prototyping,Programming,Creative,UG,UI/UX Designer
Java; Android,Cloud Computing,Social,PG,Android Developer
CI/CD; Jenkins,Web Development,Creative,UG,DevOps Engineer
TensorFlow; Python,Programming,Creative,PG,ML Engineer
Deep Learning; Python,Machine Learning,Logical,PG,ML Engineer
Canva; UI Design,Machine Learning,Creative,Diploma,UI/UX Designer
Python; ML Algorithms,DevOps,Creative,Diploma,ML Engineer
Python; Data Analysis,Designing,Logical,UG,Data Scientist
Photoshop; Illustrator,DevOps,Social,PG,UI/UX Designer
PyTorch; Neural Networks,Machine Learning,Analytical,Diploma,ML Engineer
Python; SQL; PowerBI,Mobile Development,Creative,Diploma,Data Scientist
C++; DSA,Mobile Development,Social,Diploma,Software Engineer
React Native; JavaScript,Mobile Development,Logical,Diploma,Mobile App Developer
Wireframing; User Research,Mobile Development,Analytical,Diploma,UI/UX Designer
Canva; UI Design,Data Analysis,Analytical,PG,UI/UX Designer
NextJS; JavaScript,Programming,Creative,Diploma,Web Developer
NextJS; JavaScript,Cloud Computing,Logical,Diploma,Web Developer
MERN Stack,Designing,Social,Diploma,Web Developer
Social Media Marketing,Machine Learning,Analytical,PG,Digital Marketer
Python; Pandas; NumPy,Cloud Computing,Logical,UG,Data Scientist
SEO; Content Writing,Marketing,Logical,PG,Digital Marketer
Docker; Kubernetes,Marketing,Social,Diploma,DevOps Engineer
MERN Stack,Web Development,Analytical,UG,Web Developer
GCP; Cloud Architecture,Data Analysis,Creative,UG,Cloud Engineer
Deep Learning; Python,Designing,Analytical,Diploma,ML Engineer
Android; Kotlin,Cloud Computing,Logical,Diploma,Android Developer
React Native; JavaScript,Mobile Development,Analytical,PG,Mobile App Developer
Canva; UI Design,Web Development,Social,PG,UI/UX Designer
AWS; Cloud,Marketing,Analytical,UG,Cloud Engineer
Python; ML Algorithms,Mobile Development,Logical,PG,ML Engineer
Python; Pandas; NumPy,Cloud Computing,Logical,PG,Data Scientist
Azure; Cloud Security,Mobile Development,Analytical,UG,Cloud Engineer
MERN Stack,Machine Learning,Social,Diploma,Web Developer
Git; GitHub,Marketing,Creative,Diploma,Software Engineer
Deep Learning; Python,Programming,Logical,UG,ML Engineer
SEO; Content Writing,Data Analysis,Analytical,UG,Digital Marketer
Wireframing; User Research,Machine Learning,Analytical,PG,UI/UX Designer
CI/CD; Jenkins,Machine Learning,Analytical,Diploma,DevOps Engineer
Azure; Cloud Security,Web Development,Logical,UG,Cloud Engineer
React; NodeJS,DevOps,Social,PG,Web Developer
Docker; Kubernetes,Designing,Logical,UG,DevOps Engineer
C++; DSA,Data Analysis,Analytical,PG,Software Engineer
TensorFlow; Python,Data Analysis,Social,PG,ML Engineer
Git; GitHub,Marketing,Analytical,Diploma,Software Engineer
Machine Learning; Python,Data Analysis,Logical,Diploma,Data Scientist
Git; GitHub,DevOps,Logical,UG,Software Engineer
TensorFlow; Python,Programming,Creative,PG,ML Engineer
Photoshop; Illustrator,Web Development,Social,PG,UI/UX Designer
TensorFlow; Python,App Development,Creative,Diploma,ML Engineer
Wireframing; User Research,Machine Learning,Social,UG,UI/UX Designer
React Native; JavaScript,Data Analysis,Analytical,PG,Mobile App Developer
Android; Kotlin,Web Development,Creative,UG,Android Developer
NextJS; JavaScript,Designing,Analytical,Diploma,Web Developer
Python; SQL; PowerBI,Marketing,Logical,PG,Data Scientist
Linux; Bash; DevOps,Machine Learning,Creative,Diploma,DevOps Engineer
Wireframing; User Research,Data Analysis,Analytical,UG,UI/UX Designer
Google Ads; Analytics,Machine Learning,Analytical,UG,Digital Marketer
Python; Data Analysis,Marketing,Analytical,PG,Data Scientist
Linux; Bash; DevOps,Programming,Logical,UG,DevOps Engineer
Google Ads; Analytics,Machine Learning,Analytical,UG,Digital Marketer
Azure; Cloud Security,Marketing,Creative,UG,Cloud Engineer
Git; GitHub,Mobile Development,Analytical,Diploma,Software Engineer
Android Studio; Kotlin,Cloud Computing,Logical,Diploma,Android Developer
Android; Flutter,Data Analysis,Logical,UG,Mobile App Developer
Python; Pandas; NumPy,Marketing,Analytical,PG,Data Scientist
Email Marketing; Branding,Web Development,Logical,PG,Digital Marketer
Git; GitHub,Programming,Logical,UG,Software Engineer
PyTorch; Neural Networks,DevOps,Analytical,PG,ML Engineer
Android; Flutter,Mobile Development,Logical,UG,Mobile App Developer
Android; Flutter,DevOps,Social,PG,Mobile App Developer
Android; Flutter,App Development,Logical,PG,Mobile App Developer
Python; ML Algorithms,Machine Learning,Analytical,PG,ML Engineer
Android; Flutter,Data Analysis,Analytical,PG,Mobile App Developer
Statistics; Python,Machine Learning,Analytical,Diploma,Data Scientist
Flutter; Dart,DevOps,Analytical,Diploma,Mobile App Developer
GCP; Cloud Architecture,Web Development,Creative,PG,Cloud Engineer
React Native; JavaScript,Cloud Computing,Creative,UG,Mobile App Developer
Java; Android,Cloud Computing,Analytical,PG,Android Developer
Docker; Kubernetes,Marketing,Social,Diploma,DevOps Engineer
Canva; UI Design,Web Development,Analytical,UG,UI/UX Designer
Canva; UI Design,Cloud Computing,Logical,UG,UI/UX Designer
React Native; JavaScript,Designing,Social,UG,Mobile App Developer
TensorFlow; Python,Designing,Analytical,PG,ML Engineer
Linux; Bash; DevOps,Cloud Computing,Creative,UG,DevOps Engineer
Java; Spring,App Development,Analytical,PG,Software Engineer
React Native; JavaScript,App Development,Analytical,UG,Mobile App Developer
React Native; JavaScript,Programming,Creative,PG,Mobile App Developer
Python; OOP,DevOps,Analytical,PG,Software Engineer
Figma; Prototyping,Designing,Creative,UG,UI/UX Designer
Java; Android,Web Development,Analytical,Diploma,Android Developer
CI/CD; Jenkins,Cloud Computing,Analytical,PG,DevOps Engineer
HTML; CSS; JavaScript,Mobile Development,Analytical,UG,Web Developer
MERN Stack,Designing,Analytical,PG,Web Developer
Wireframing; User Research,Data Analysis,Analytical,UG,UI/UX Designer
Deep Learning; Python,Data Analysis,Creative,Diploma,ML Engineer
Linux; Bash; DevOps,DevOps,Creative,Diploma,DevOps Engineer
Docker; Kubernetes,Cloud Computing,Analytical,Diploma,DevOps Engineer
Python; ML Algorithms,Marketing,Social,UG,ML Engineer
Deep Learning; Python,Programming,Logical,Diploma,ML Engineer
Social Media Marketing,Mobile Development,Social,UG,Digital Marketer
Docker; Kubernetes,Programming,Social,UG,DevOps Engineer
NextJS; JavaScript,DevOps,Analytical,UG,Web Developer
Python; OOP,Machine Learning,Social,UG,Software Engineer
Figma; Prototyping,DevOps,Social,Diploma,UI/UX Designer
Python; SQL; PowerBI,Mobile Development,Creative,PG,Data Scientist
Python; Data Analysis,Programming,Logical,Diploma,Data Scientist
Linux; Bash; DevOps,Data Analysis,Analytical,UG,DevOps Engineer
Docker; Kubernetes,App Development,Analytical,PG,DevOps Engineer
TensorFlow; Python,App Development,Social,PG,ML Engineer
Flutter; Dart,Machine Learning,Analytical,Diploma,Mobile App Developer
Figma; Prototyping,Mobile Development,Logical,UG,UI/UX Designer
Python; ML Algorithms,Mobile Development,Creative,Diploma,ML Engineer
Java; Android,Cloud Computing,Analytical,PG,Android Developer
CI/CD; Jenkins,DevOps,Social,Diploma,DevOps Engineer
AWS; Cloud,Web Development,Creative,Diploma,Cloud Engineer
Android; Kotlin,Marketing,Analytical,UG,Android Developer
Android Studio; Kotlin,Mobile Development,Social,PG,Android Developer
CI/CD; Jenkins,Cloud Computing,Social,Diploma,DevOps Engineer
Java; Spring,Data Analysis,Analytical,UG,Software Engineer
Android Studio; Kotlin,Designing,Logical,UG,Android Developer
Statistics; Python,App Development,Social,UG,Data Scientist
React Native; JavaScript,Data Analysis,Logical,PG,Mobile App Developer
Statistics; Python,Cloud Computing,Analytical,PG,Data Scientist
Figma; Prototyping,Programming,Logical,Diploma,UI/UX Designer
Python; ML Algorithms,Data Analysis,Creative,UG,ML Engineer
Android; Kotlin,Cloud Computing,Analytical,PG,Android Developer
CI/CD; Jenkins,Data Analysis,Social,UG,DevOps Engineer
React Native; JavaScript,DevOps,Creative,PG,Mobile App Developer
Machine Learning; Python,Data Analysis,Analytical,PG,Data Scientist
GCP; Cloud Architecture,Programming,Logical,Diploma,Cloud Engineer
React Native; JavaScript,Programming,Analytical,PG,Mobile App Developer
Docker; Kubernetes,Programming,Social,UG,DevOps Engineer
React; NodeJS,Web Development,Logical,PG,Web Developer
Deep Learning; Python,Programming,Creative,PG,ML Engineer
CI/CD; Jenkins,Designing,Social,PG,DevOps Engineer
HTML; CSS; JavaScript,Cloud Computing,Logical,Diploma,Web Developer
Python; Pandas; NumPy,Mobile Development,Analytical,PG,Data Scientist
PyTorch; Neural Networks,Data Analysis,Analytical,Diploma,ML Engineer
Android Studio; Kotlin,Machine Learning,Social,UG,Android Developer
Python; ML Algorithms,Designing,Logical,UG,ML Engineer
Azure; Cloud Security,Data Analysis,Analytical,PG,Cloud Engineer
Flutter; Dart,Data Analysis,Creative,PG,Mobile App Developer
Android; Flutter,Designing,Analytical,Diploma,Mobile App Developer
Android; Kotlin,DevOps,Social,Diploma,Android Developer
Python; OOP,Web Development,Social,UG,Software Engineer
Linux; Bash; DevOps,Programming,Analytical,UG,DevOps Engineer
Android Studio; Kotlin,DevOps,Social,Diploma,Android Developer
Docker; Kubernetes,Mobile Development,Creative,UG,DevOps Engineer
Android; Kotlin,DevOps,Social,UG,Android Developer
Python; OOP,Machine Learning,Creative,Diploma,Software Engineer
Figma; Prototyping,DevOps,Social,UG,UI/UX Designer
AWS; Cloud,Mobile Development,Creative,UG,Cloud Engineer
Wireframing; User Research,Data Analysis,Analytical,PG,UI/UX Designer
Linux; Bash; DevOps,Web Development,Logical,Diploma,DevOps Engineer
GCP; Cloud Architecture,Data Analysis,Logical,PG,Cloud Engineer
Git; GitHub,Cloud Computing,Analytical,PG,Software Engineer
Java; Android,Designing,Social,Diploma,Android Developer
Google Ads; Analytics,Machine Learning,Analytical,UG,Digital Marketer
Java; Spring,Cloud Computing,Social,PG,Software Engineer
Canva; UI Design,Machine Learning,Social,Diploma,UI/UX Designer
Deep Learning; Python,Mobile Development,Analytical,Diploma,ML Engineer
Android Studio; Kotlin,Machine Learning,Social,PG,Android Developer
Azure; Cloud Security,Machine Learning,Logical,PG,Cloud Engineer
C++; DSA,Marketing,Social,PG,Software Engineer
Java; Spring,Web Development,Logical,Diploma,Software Engineer
Docker; Kubernetes,Mobile Development,Creative,UG,DevOps Engineer
Python; OOP,Marketing,Analytical,Diploma,Software Engineer
Social Media Marketing,Mobile Development,Social,PG,Digital Marketer
Email Marketing; Branding,DevOps,Logical,UG,Digital Marketer
React Native; JavaScript,Marketing,Social,Diploma,Mobile App Developer
Linux; Bash; DevOps,Mobile Development,Logical,UG,DevOps Engineer
Social Media Marketing,Web Development,Creative,Diploma,Digital Marketer
Python; Pandas; NumPy,Web Development,Creative,PG,Data Scientist
Flutter; Dart,Web Development,Creative,PG,Mobile App Developer
AWS; Cloud,Programming,Logical,Diploma,Cloud Engineer
MERN Stack,Marketing,Creative,UG,Web Developer
Android; Flutter,App Development,Analytical,UG,Mobile App Developer
Email Marketing; Branding,Machine Learning,Analytical,UG,Digital Marketer
Android; Flutter,Designing,Creative,UG,Mobile App Developer
Android; Kotlin,Mobile Development,Creative,UG,Android Developer
React; NodeJS,Designing,Creative,UG,Web Developer
Flutter; Dart,DevOps,Logical,Diploma,Mobile App Developer
Python; Pandas; NumPy,Machine Learning,Analytical,PG,Data Scientist
Canva; UI Design,Data Analysis,Creative,UG,UI/UX Designer
Android Studio; Kotlin,App Development,Analytical,PG,Android Developer
GCP; Cloud Architecture,Designing,Logical,Diploma,Cloud Engineer
Machine Learning; Python,Cloud Computing,Social,Diploma,Data Scientist
PyTorch; Neural Networks,Cloud Computing,Creative,PG,ML Engineer
Deep Learning; Python,Designing,Logical,PG,ML Engineer
Python; OOP,DevOps,Logical,Diploma,Software Engineer
CI/CD; Jenkins,DevOps,Social,UG,DevOps Engineer
Figma; Prototyping,Machine Learning,Logical,UG,UI/UX Designer
C++; DSA,Marketing,Creative,PG,Software Engineer
CI/CD; Jenkins,Programming,Social,UG,DevOps Engineer
Canva; UI Design,Designing,Creative,PG,UI/UX Designer
HTML; CSS; JavaScript,Machine Learning,Creative,UG,Web Developer
Android; Kotlin,Programming,Social,PG,Android Developer
Java; Android,Programming,Creative,UG,Android Developer
Java; Spring,Mobile Development,Analytical,PG,Software Engineer
Deep Learning; Python,Designing,Analytical,Diploma,ML Engineer
React Native; JavaScript,Web Development,Analytical,UG,Mobile App Developer
TensorFlow; Python,Mobile Development,Creative,Diploma,ML Engineer
Python; Data Analysis,Mobile Development,Logical,PG,Data Scientist
PyTorch; Neural Networks,App Development,Logical,Diploma,ML Engineer
Android; Kotlin,Designing,Creative,UG,Android Developer
Docker; Kubernetes,Mobile Development,Analytical,PG,DevOps Engineer
MERN Stack,Data Analysis,Logical,Diploma,Web Developer
Python; SQL; PowerBI,Designing,Analytical,PG,Data Scientist
Email Marketing; Branding,App Development,Analytical,PG,Digital Marketer
Machine Learning; Python,Data Analysis,Logical,Diploma,Data Scientist
Statistics; Python,Designing,Logical,PG,Data Scientist
React; NodeJS,App Development,Logical,PG,Web Developer
Android; Kotlin,App Development,Analytical,PG,Android Developer
Social Media Marketing,Programming,Creative,UG,Digital Marketer
Flutter; Dart,Programming,Social,Diploma,Mobile App Developer
C++; DSA,Data Analysis,Logical,PG,Software Engineer
Python; Data Analysis,Mobile Development,Creative,Diploma,Data Scientist
Azure; Cloud Security,Designing,Social,Diploma,Cloud Engineer
HTML; CSS; JavaScript,Cloud Computing,Analytical,UG,Web Developer
Java; Android,Programming,Logical,UG,Android Developer
Android; Kotlin,DevOps,Social,Diploma,Android Developer
CI/CD; Jenkins,Machine Learning,Analytical,UG,DevOps Engineer
Photoshop; Illustrator,Mobile Development,Social,UG,UI/UX Designer
TensorFlow; Python,App Development,Social,PG,ML Engineer
C++; DSA,Data Analysis,Social,PG,Software Engineer
Java; Spring,Cloud Computing,Social,Diploma,Software Engineer
Statistics; Python,Data Analysis,Logical,Diploma,Data Scientist
Flutter; Dart,App Development,Logical,UG,Mobile App Developer
Android; Kotlin,Marketing,Creative,Diploma,Android Developer
Flutter; Dart,Cloud Computing,Social,PG,Mobile App Developer
Linux; Bash; DevOps,App Development,Logical,Diploma,DevOps Engineer
Java; Android,Machine Learning,Logical,PG,Android Developer
AWS; Cloud,Marketing,Social,UG,Cloud Engineer
TensorFlow; Python,Designing,Logical,PG,ML Engineer
Machine Learning; Python,Cloud Computing,Analytical,Diploma,Data Scientist
Linux; Bash; DevOps,Marketing,Creative,PG,DevOps Engineer
Java; Android,App Development,Social,PG,Android Developer
TensorFlow; Python,Cloud Computing,Logical,PG,ML Engineer
Python; SQL; PowerBI,Designing,Social,PG,Data Scientist
Python; OOP,Marketing,Analytical,UG,Software Engineer
Social Media Marketing,Designing,Logical,PG,Digital Marketer
Python; Data Analysis,Programming,Analytical,PG,Data Scientist
CI/CD; Jenkins,Programming,Logical,PG,DevOps Engineer
NextJS; JavaScript,Designing,Creative,Diploma,Web Developer
Email Marketing; Branding,Web Development,Logical,Diploma,Digital Marketer
React Native; JavaScript,Data Analysis,Analytical,Diploma,Mobile App Developer
Docker; Kubernetes,Web Development,Social,PG,DevOps Engineer
Android; Kotlin,Mobile Development,Social,PG,Android Developer
GCP; Cloud Architecture,Designing,Logical,Diploma,Cloud Engineer
Photoshop; Illustrator,Cloud Computing,Logical,PG,UI/UX Designer
Figma; Prototyping,Data Analysis,Logical,UG,UI/UX Designer
Deep Learning; Python,Mobile Development,Analytical,UG,ML Engineer
Python; ML Algorithms,App Development,Analytical,UG,ML Engineer
Machine Learning; Python,Designing,Logical,Diploma,Data Scientist
C++; DSA,Data Analysis,Logical,PG,Software Engineer
Social Media Marketing,App Development,Analytical,UG,Digital Marketer
Java; Android,DevOps,Social,Diploma,Android Developer
Docker; Kubernetes,Programming,Analytical,PG,DevOps Engineer
Azure; Cloud Security,Machine Learning,Social,Diploma,Cloud Engineer
Wireframing; User Research,Cloud Computing,Analytical,UG,UI/UX Designer
PyTorch; Neural Networks,Cloud Computing,Creative,PG,ML Engineer
Android; Kotlin,App Development,Social,PG,Android Developer
Deep Learning; Python,Designing,Creative,PG,ML Engineer
AWS; Cloud,App Development,Logical,PG,Cloud Engineer
Linux; Bash; DevOps,Data Analysis,Analytical,Diploma,DevOps Engineer
React; NodeJS,Web Development,Logical,Diploma,Web Developer
Python; OOP,App Development,Creative,UG,Software Engineer
PyTorch; Neural Networks,Web Development,Analytical,UG,ML Engineer
Statistics; Python,App Development,Analytical,PG,Data Scientist
GCP; Cloud Architecture,Marketing,Social,PG,Cloud Engineer
React Native; JavaScript,Mobile Development,Social,PG,Mobile App Developer
Machine Learning; Python,App Development,Logical,PG,Data Scientist
PyTorch; Neural Networks,Designing,Creative,UG,ML Engineer
Python; Data Analysis,App Development,Analytical,UG,Data Scientist
React; NodeJS,Machine Learning,Social,Diploma,Web Developer
C++; DSA,Designing,Logical,PG,Software Engineer
NextJS; JavaScript,Machine Learning,Logical,PG,Web Developer
Statistics; Python,Web Development,Analytical,Diploma,Data Scientist
Social Media Marketing,Web Development,Social,Diploma,Digital Marketer
Wireframing; User Research,Programming,Analytical,Diploma,UI/UX Designer
Linux; Bash; DevOps,Data Analysis,Analytical,Diploma,DevOps Engineer
Python; OOP,Designing,Logical,UG,Software Engineer
Deep Learning; Python,App Development,Logical,Diploma,ML Engineer
Flutter; Dart,Data Analysis,Social,Diploma,Mobile App Developer
Java; Android,App Development,Social,UG,Android Developer
Photoshop; Illustrator,Machine Learning,Logical,UG,UI/UX Designer
Git; GitHub,Machine Learning,Social,PG,Software Engineer
MERN Stack,Cloud Computing,Social,UG,Web Developer
Figma; Prototyping,DevOps,Creative,UG,UI/UX Designer
Python; Data Analysis,DevOps,Creative,UG,Data Scientist
Android; Flutter,Data Analysis,Social,UG,Mobile App Developer
React; NodeJS,DevOps,Logical,UG,Web Developer
TensorFlow; Python,Marketing,Analytical,PG,ML Engineer
React Native; JavaScript,App Development,Logical,Diploma,Mobile App Developer
Java; Spring,Programming,Creative,Diploma,Software Engineer
GCP; Cloud Architecture,DevOps,Analytical,PG,Cloud Engineer
Flutter; Dart,Cloud Computing,Logical,PG,Mobile App Developer
Google Ads; Analytics,App Development,Social,Diploma,Digital Marketer
Statistics; Python,Cloud Computing,Analytical,Diploma,Data Scientist
Android Studio; Kotlin,Web Development,Social,PG,Android Developer
Machine Learning; Python,App Development,Creative,Diploma,Data Scientist
Java; Spring,Cloud Computing,Social,Diploma,Software Engineer
Java; Android,Cloud Computing,Logical,Diploma,Android Developer
Docker; Kubernetes,App Development,Creative,UG,DevOps Engineer
Android Studio; Kotlin,Machine Learning,Logical,Diploma,Android Developer
Wireframing; User Research,DevOps,Creative,UG,UI/UX Designer
Linux; Bash; DevOps,Cloud Computing,Creative,PG,DevOps Engineer
Android; Kotlin,Designing,Creative,UG,Android Developer
Android Studio; Kotlin,Machine Learning,Creative,PG,Android Developer
GCP; Cloud Architecture,Data Analysis,Social,PG,Cloud Engineer
Python; Pandas; NumPy,Programming,Creative,Diploma,Data Scientist
Google Ads; Analytics,Marketing,Logical,Diploma,Digital Marketer
Python; OOP,Cloud Computing,Logical,UG,Software Engineer
Machine Learning; Python,Mobile Development,Analytical,UG,Data Scientist
Python; OOP,Machine Learning,Analytical,UG,Software Engineer
Android; Flutter,Designing,Analytical,Diploma,Mobile App Developer
React Native; JavaScript,Web Development,Social,PG,Mobile App Developer
NextJS; JavaScript,Data Analysis,Logical,Diploma,Web Developer
Docker; Kubernetes,Cloud Computing,Logical,Diploma,DevOps Engineer
Android Studio; Kotlin,Marketing,Analytical,UG,Android Developer
Deep Learning; Python,Cloud Computing,Logical,Diploma,ML Engineer
Linux; Bash; DevOps,DevOps,Analytical,UG,DevOps Engineer
Android; Flutter,Cloud Computing,Social,PG,Mobile App Developer
Python; Pandas; NumPy,Marketing,Creative,PG,Data Scientist
React Native; JavaScript,Marketing,Analytical,UG,Mobile App Developer
GCP; Cloud Architecture,Web Development,Social,Diploma,Cloud Engineer
React; NodeJS,Machine Learning,Analytical,Diploma,Web Developer
Figma; Prototyping,Marketing,Logical,UG,UI/UX Designer
AWS; Cloud,App Development,Creative,UG,Cloud Engineer
Wireframing; User Research,Programming,Analytical,UG,UI/UX Designer
HTML; CSS; JavaScript,Web Development,Analytical,PG,Web Developer
Git; GitHub,DevOps,Creative,PG,Software Engineer
MERN Stack,Cloud Computing,Logical,PG,Web Developer
Java; Spring,App Development,Logical,PG,Software Engineer
CI/CD; Jenkins,Marketing,Analytical,PG,DevOps Engineer
Canva; UI Design,DevOps,Creative,PG,UI/UX Designer
TensorFlow; Python,Programming,Logical,UG,ML Engineer
Email Marketing; Branding,Web Development,Creative,Diploma,Digital Marketer
AWS; Cloud,Machine Learning,Analytical,Diploma,Cloud Engineer
MERN Stack,Web Development,Social,Diploma,Web Developer
Android Studio; Kotlin,Designing,Logical,PG,Android Developer
SEO; Content Writing,Programming,Social,Diploma,Digital Marketer
Email Marketing; Branding,Marketing,Analytical,Diploma,Digital Marketer
MERN Stack,Designing,Analytical,Diploma,Web Developer
Python; ML Algorithms,Programming,Analytical,Diploma,ML Engineer
Social Media Marketing,Designing,Analytical,UG,Digital Marketer
Photoshop; Illustrator,Machine Learning,Creative,PG,UI/UX Designer
MERN Stack,Data Analysis,Analytical,UG,Web Developer
Git; GitHub,App Development,Logical,PG,Software Engineer
Flutter; Dart,Programming,Logical,UG,Mobile App Developer
Android; Flutter,Designing,Logical,Diploma,Mobile App Developer
CI/CD; Jenkins,DevOps,Creative,UG,DevOps Engineer
AWS; Cloud,DevOps,Analytical,Diploma,Cloud Engineer
Canva; UI Design,Designing,Creative,UG,UI/UX Designer
Java; Android,Programming,Social,PG,Android Developer
React; NodeJS,Machine Learning,Analytical,Diploma,Web Developer
AWS; Cloud,App Development,Social,Diploma,Cloud Engineer
React Native; JavaScript,App Development,Logical,PG,Mobile App Developer
MERN Stack,DevOps,Logical,PG,Web Developer
Android; Flutter,Web Development,Creative,UG,Mobile App Developer
Java; Spring,Marketing,Analytical,Diploma,Software Engineer
Figma; Prototyping,DevOps,Creative,PG,UI/UX Designer
React; NodeJS,Marketing,Logical,PG,Web Developer
AWS; Cloud,Web Development,Social,PG,Cloud Engineer
Google Ads; Analytics,App Development,Logical,PG,Digital Marketer
Deep Learning; Python,Programming,Creative,Diploma,ML Engineer
Azure; Cloud Security,Machine Learning,Logical,UG,Cloud Engineer
Android Studio; Kotlin,Data Analysis,Logical,UG,Android Developer
Linux; Bash; DevOps,Data Analysis,Logical,Diploma,DevOps Engineer
AWS; Cloud,Programming,Creative,UG,Cloud Engineer
React; NodeJS,Machine Learning,Creative,PG,Web Developer
Python; ML Algorithms,Machine Learning,Creative,UG,ML Engineer
Azure; Cloud Security,App Development,Social,PG,Cloud Engineer
PyTorch; Neural Networks,Data Analysis,Logical,UG,ML Engineer
Python; OOP,DevOps,Analytical,PG,Software Engineer
Social Media Marketing,Designing,Logical,Diploma,Digital Marketer
Azure; Cloud Security,Designing,Logical,PG,Cloud Engineer
PyTorch; Neural Networks,Marketing,Logical,Diploma,ML Engineer
CI/CD; Jenkins,Mobile Development,Social,UG,DevOps Engineer
Git; GitHub,Cloud Computing,Creative,UG,Software Engineer
Deep Learning; Python,Mobile Development,Logical,UG,ML Engineer
Canva; UI Design,Web Development,Logical,UG,UI/UX Designer
HTML; CSS; JavaScript,DevOps,Logical,Diploma,Web Developer
Android Studio; Kotlin,Data Analysis,Analytical,Diploma,Android Developer
Google Ads; Analytics,Web Development,Social,PG,Digital Marketer
Git; GitHub,Mobile Development,Creative,Diploma,Software Engineer
Machine Learning; Python,DevOps,Logical,Diploma,Data Scientist
TensorFlow; Python,Marketing,Creative,UG,ML Engineer
Java; Android,Web Development,Analytical,Diploma,Android Developer
Python; OOP,Data Analysis,Social,UG,Software Engineer
CI/CD; Jenkins,Machine Learning,Analytical,UG,DevOps Engineer
React Native; JavaScript,Designing,Social,UG,Mobile App Developer
Python; OOP,Data Analysis,Analytical,UG,Software Engineer
Email Marketing; Branding,DevOps,Social,Diploma,Digital Marketer
Figma; Prototyping,Mobile Development,Creative,Diploma,UI/UX Designer
PyTorch; Neural Networks,DevOps,Creative,UG,ML Engineer
React; NodeJS,Programming,Social,UG,Web Developer
Social Media Marketing,Data Analysis,Analytical,Diploma,Digital Marketer
Linux; Bash; DevOps,Designing,Social,Diploma,DevOps Engineer
Machine Learning; Python,Mobile Development,Creative,UG,Data Scientist
Python; Data Analysis,Data Analysis,Analytical,UG,Data Scientist
TensorFlow; Python,Cloud Computing,Analytical,Diploma,ML Engineer
C++; DSA,Designing,Social,PG,Software Engineer
Flutter; Dart,Marketing,Analytical,PG,Mobile App Developer
Java; Android,App Development,Logical,PG,Android Developer
Python; Pandas; NumPy,Web Development,Analytical,Diploma,Data Scientist
Google Ads; Analytics,Web Development,Analytical,Diploma,Digital Marketer
Python; Pandas; NumPy,Marketing,Analytical,PG,Data Scientist
Android Studio; Kotlin,DevOps,Social,Diploma,Android Developer
Social Media Marketing,App Development,Creative,Diploma,Digital Marketer
Python; Data Analysis,Data Analysis,Analytical,PG,Data Scientist
Android Studio; Kotlin,App Development,Analytical,Diploma,Android Developer
Flutter; Dart,Web Development,Creative,PG,Mobile App Developer
Java; Android,Cloud Computing,Social,Diploma,Android Developer
Python; ML Algorithms,Data Analysis,Social,Diploma,ML Engineer
Android; Flutter,Data Analysis,Logical,PG,Mobile App Developer
Wireframing; User Research,Machine Learning,Social,UG,UI/UX Designer
AWS; Cloud,Data Analysis,Logical,Diploma,Cloud Engineer
MERN Stack,Mobile Development,Logical,UG,Web Developer
Git; GitHub,Web Development,Logical,UG,Software Engineer
Python; OOP,Web Development,Logical,PG,Software Engineer
React Native; JavaScript,Web Development,Social,UG,Mobile App Developer
Flutter; Dart,Web Development,Creative,PG,Mobile App Developer
Python; ML Algorithms,Programming,Creative,UG,ML Engineer
Flutter; Dart,Marketing,Analytical,PG,Mobile App Developer
Java; Spring,Programming,Logical,Diploma,Software Engineer
Canva; UI Design,Mobile Development,Logical,PG,UI/UX Designer
HTML; CSS; JavaScript,Mobile Development,Creative,PG,Web Developer
Social Media Marketing,Data Analysis,Logical,PG,Digital Marketer
Social Media Marketing,Marketing,Analytical,Diploma,Digital Marketer
Python; Pandas; NumPy,Data Analysis,Social,Diploma,Data Scientist
React; NodeJS,Data Analysis,Analytical,UG,Web Developer
Python; Data Analysis,Mobile Development,Analytical,Diploma,Data Scientist
Android Studio; Kotlin,App Development,Analytical,Diploma,Android Developer
Android; Flutter,Designing,Creative,Diploma,Mobile App Developer
Canva; UI Design,Web Development,Logical,PG,UI/UX Designer
Linux; Bash; DevOps,App Development,Analytical,Diploma,DevOps Engineer
React Native; JavaScript,Designing,Creative,PG,Mobile App Developer
Photoshop; Illustrator,Programming,Social,Diploma,UI/UX Designer
Canva; UI Design,App Development,Creative,UG,UI/UX Designer
Canva; UI Design,Mobile Development,Creative,Diploma,UI/UX Designer
GCP; Cloud Architecture,Marketing,Creative,UG,Cloud Engineer
C++; DSA,App Development,Creative,UG,Software Engineer
Linux; Bash; DevOps,Data Analysis,Social,Diploma,DevOps Engineer
CI/CD; Jenkins,App Development,Analytical,PG,DevOps Engineer
Google Ads; Analytics,App Development,Creative,PG,Digital Marketer
Linux; Bash; DevOps,Marketing,Creative,Diploma,DevOps Engineer
Git; GitHub,DevOps,Analytical,Diploma,Software Engineer
AWS; Cloud,Machine Learning,Analytical,UG,Cloud Engineer
Machine Learning; Python,App Development,Logical,Diploma,Data Scientist
Canva; UI Design,Cloud Computing,Creative,UG,UI/UX Designer
Machine Learning; Python,Mobile Development,Analytical,Diploma,Data Scientist
Figma; Prototyping,Web Development,Logical,Diploma,UI/UX Designer
Python; ML Algorithms,Machine Learning,Creative,Diploma,ML Engineer
GCP; Cloud Architecture,Machine Learning,Logical,PG,Cloud Engineer
React; NodeJS,DevOps,Creative,Diploma,Web Developer
Machine Learning; Python,Data Analysis,Analytical,UG,Data Scientist
GCP; Cloud Architecture,Web Development,Creative,PG,Cloud Engineer
Git; GitHub,Designing,Logical,PG,Software Engineer
Java; Android,Cloud Computing,Creative,UG,Android Developer
Wireframing; User Research,Mobile Development,Creative,Diploma,UI/UX Designer
NextJS; JavaScript,Web Development,Social,PG,Web Developer
HTML; CSS; JavaScript,DevOps,Creative,UG,Web Developer
Flutter; Dart,Programming,Analytical,UG,Mobile App Developer
Google Ads; Analytics,DevOps,Analytical,Diploma,Digital Marketer
Google Ads; Analytics,Designing,Analytical,Diploma,Digital Marketer
Photoshop; Illustrator,Marketing,Logical,UG,UI/UX Designer
NextJS; JavaScript,Machine Learning,Social,UG,Web Developer
Python; Data Analysis,Cloud Computing,Logical,UG,Data Scientist
Python; ML Algorithms,Data Analysis,Creative,UG,ML Engineer
Android Studio; Kotlin,Programming,Social,Diploma,Android Developer
Flutter; Dart,Machine Learning,Logical,UG,Mobile App Developer
Deep Learning; Python,App Development,Logical,UG,ML Engineer
Azure; Cloud Security,Web Development,Logical,UG,Cloud Engineer
Android; Kotlin,Programming,Logical,PG,Android Developer
Java; Android,Web Development,Social,PG,Android Developer
Machine Learning; Python,App Development,Analytical,PG,Data Scientist
Photoshop; Illustrator,Data Analysis,Logical,Diploma,UI/UX Designer
Google Ads; Analytics,Machine Learning,Social,PG,Digital Marketer
Social Media Marketing,Data Analysis,Creative,UG,Digital Marketer
GCP; Cloud Architecture,Web Development,Logical,Diploma,Cloud Engineer
Android Studio; Kotlin,App Development,Social,Diploma,Android Developer
Python; SQL; PowerBI,App Development,Analytical,UG,Data Scientist
AWS; Cloud,Data Analysis,Logical,Diploma,Cloud Engineer
SEO; Content Writing,Data Analysis,Creative,PG,Digital Marketer
Flutter; Dart,Data Analysis,Logical,PG,Mobile App Developer
Python; Data Analysis,Web Development,Logical,UG,Data Scientist
Docker; Kubernetes,Machine Learning,Analytical,Diploma,DevOps Engineer
Flutter; Dart,Cloud Computing,Logical,UG,Mobile App Developer
React; NodeJS,DevOps,Logical,UG,Web Developer
Java; Android,Machine Learning,Creative,Diploma,Android Developer
Python; Pandas; NumPy,DevOps,Social,PG,Data Scientist
Python; Pandas; NumPy,Web Development,Analytical,UG,Data Scientist
Photoshop; Illustrator,Web Development,Logical,PG,UI/UX Designer
HTML; CSS; JavaScript,Programming,Analytical,UG,Web Developer
Flutter; Dart,App Development,Social,UG,Mobile App Developer
GCP; Cloud Architecture,Marketing,Creative,Diploma,Cloud Engineer
Figma; Prototyping,Designing,Creative,UG,UI/UX Designer
Deep Learning; Python,Programming,Creative,UG,ML Engineer
Social Media Marketing,Marketing,Social,PG,Digital Marketer
Python; SQL; PowerBI,Machine Learning,Social,UG,Data Scientist
Java; Spring,Data Analysis,Creative,UG,Software Engineer
Git; GitHub,App Development,Social,Diploma,Software Engineer
Git; GitHub,App Development,Logical,Diploma,Software Engineer
Linux; Bash; DevOps,Machine Learning,Analytical,UG,DevOps Engineer
React Native; JavaScript,Marketing,Social,Diploma,Mobile App Developer
HTML; CSS; JavaScript,Mobile Development,Logical,PG,Web Developer
C++; DSA,Marketing,Analytical,PG,Software Engineer
React; NodeJS,Mobile Development,Analytical,UG,Web Developer
SEO; Content Writing,Cloud Computing,Analytical,Diploma,Digital Marketer
PyTorch; Neural Networks,Designing,Social,PG,ML Engineer
React; NodeJS,Web Development,Logical,PG,Web Developer
Machine Learning; Python,Machine Learning,Creative,UG,Data Scientist
Git; GitHub,Designing,Analytical,PG,Software Engineer
Flutter; Dart,Data Analysis,Analytical,UG,Mobile App Developer
Android; Kotlin,Mobile Development,Creative,Diploma,Android Developer
Python; Data Analysis,Cloud Computing,Social,PG,Data Scientist
Figma; Prototyping,App Development,Logical,Diploma,UI/UX Designer
Java; Spring,DevOps,Analytical,Diploma,Software Engineer
React Native; JavaScript,Programming,Creative,Diploma,Mobile App Developer
GCP; Cloud Architecture,Designing,Logical,UG,Cloud Engineer
Android; Flutter,Programming,Logical,Diploma,Mobile App Developer
TensorFlow; Python,Marketing,Analytical,UG,ML Engineer
C++; DSA,App Development,Social,UG,Software Engineer
GCP; Cloud Architecture,Marketing,Social,UG,Cloud Engineer
Canva; UI Design,App Development,Logical,PG,UI/UX Designer
Email Marketing; Branding,DevOps,Creative,PG,Digital Marketer
Android; Flutter,Designing,Logical,Diploma,Mobile App Developer
Canva; UI Design,Web Development,Logical,Diploma,UI/UX Designer
Statistics; Python,App Development,Social,UG,Data Scientist
GCP; Cloud Architecture,Cloud Computing,Creative,UG,Cloud Engineer
MERN Stack,Marketing,Logical,Diploma,Web Developer
Android; Kotlin,Machine Learning,Creative,Diploma,Android Developer
Git; GitHub,Programming,Analytical,UG,Software Engineer
C++; DSA,Programming,Logical,UG,Software Engineer
Machine Learning; Python,Data Analysis,Social,PG,Data Scientist
React Native; JavaScript,Web Development,Social,UG,Mobile App Developer
Git; GitHub,DevOps,Logical,Diploma,Software Engineer
Wireframing; User Research,Mobile Development,Analytical,UG,UI/UX Designer
Figma; Prototyping,DevOps,Analytical,UG,UI/UX Designer
PyTorch; Neural Networks,Data Analysis,Creative,PG,ML Engineer
Python; SQL; PowerBI,Machine Learning,Analytical,UG,Data Scientist
HTML; CSS; JavaScript,App Development,Social,PG,Web Developer
Android; Flutter,Designing,Social,PG,Mobile App Developer
Android; Flutter,Cloud Computing,Creative,UG,Mobile App Developer
Python; Data Analysis,Marketing,Analytical,UG,Data Scientist
Flutter; Dart,Mobile Development,Creative,UG,Mobile App Developer
Java; Spring,DevOps,Analytical,UG,Software Engineer
AWS; Cloud,Designing,Logical,PG,Cloud Engineer
Python; ML Algorithms,Web Development,Analytical,UG,ML Engineer
Statistics; Python,Web Development,Social,PG,Data Scientist
CI/CD; Jenkins,Machine Learning,Logical,PG,DevOps Engineer
Social Media Marketing,App Development,Analytical,PG,Digital Marketer
React Native; JavaScript,Data Analysis,Social,Diploma,Mobile App Developer
React Native; JavaScript,DevOps,Social,Diploma,Mobile App Developer
Python; ML Algorithms,Designing,Creative,Diploma,ML Engineer
Deep Learning; Python,DevOps,Social,UG,ML Engineer
Email Marketing; Branding,Data Analysis,Social,Diploma,Digital Marketer
React Native; JavaScript,App Development,Creative,UG,Mobile App Developer
Google Ads; Analytics,Data Analysis,Analytical,Diploma,Digital Marketer
Azure; Cloud Security,Designing,Logical,Diploma,Cloud Engineer
Figma; Prototyping,Designing,Logical,UG,UI/UX Designer
React Native; JavaScript,Web Development,Creative,PG,Mobile App Developer
React; NodeJS,Machine Learning,Social,PG,Web Developer
GCP; Cloud Architecture,App Development,Creative,PG,Cloud Engineer
Wireframing; User Research,App Development,Creative,PG,UI/UX Designer
CI/CD; Jenkins,Marketing,Logical,PG,DevOps Engineer
Android; Flutter,Designing,Analytical,UG,Mobile App Developer
Python; Pandas; NumPy,App Development,Creative,Diploma,Data Scientist
Android; Flutter,Programming,Logical,Diploma,Mobile App Developer
React Native; JavaScript,Cloud Computing,Logical,PG,Mobile App Developer
React; NodeJS,Designing,Creative,Diploma,Web Developer
Python; Pandas; NumPy,Cloud Computing,Social,UG,Data Scientist
Java; Android,App Development,Creative,PG,Android Developer
Python; Pandas; NumPy,App Development,Analytical,Diploma,Data Scientist
Docker; Kubernetes,Cloud Computing,Creative,Diploma,DevOps Engineer
React; NodeJS,Web Development,Logical,Diploma,Web Developer
React; NodeJS,Web Development,Analytical,Diploma,Web Developer
Android; Kotlin,DevOps,Social,UG,Android Developer
C++; DSA,Mobile Development,Logical,Diploma,Software Engineer
Python; SQL; PowerBI,App Development,Creative,PG,Data Scientist
AWS; Cloud,Cloud Computing,Logical,UG,Cloud Engineer
Linux; Bash; DevOps,App Development,Logical,PG,DevOps Engineer
Photoshop; Illustrator,DevOps,Analytical,Diploma,UI/UX Designer
Azure; Cloud Security,Designing,Social,Diploma,Cloud Engineer
Java; Android,Data Analysis,Analytical,Diploma,Android Developer
Android; Kotlin,Programming,Analytical,Diploma,Android Developer
Wireframing; User Research,Machine Learning,Social,PG,UI/UX Designer
Java; Android,Marketing,Analytical,Diploma,Android Developer
MERN Stack,Mobile Development,Analytical,PG,Web Developer
PyTorch; Neural Networks,App Development,Analytical,PG,ML Engineer
React; NodeJS,Designing,Creative,UG,Web Developer
CI/CD; Jenkins,App Development,Logical,UG,DevOps Engineer
Python; SQL; PowerBI,Machine Learning,Social,UG,Data Scientist
HTML; CSS; JavaScript,App Development,Analytical,UG,Web Developer
Docker; Kubernetes,Mobile Development,Social,UG,DevOps Engineer
Android; Kotlin,Programming,Creative,UG,Android Developer
Figma; Prototyping,Web Development,Social,Diploma,UI/UX Designer
React; NodeJS,Data Analysis,Creative,PG,Web Developer
Git; GitHub,Mobile Development,Logical,UG,Software Engineer
C++; DSA,App Development,Logical,UG,Software Engineer
Canva; UI Design,Marketing,Analytical,Diploma,UI/UX Designer
Statistics; Python,DevOps,Social,Diploma,Data Scientist
Statistics; Python,DevOps,Creative,PG,Data Scientist
Photoshop; Illustrator,Programming,Analytical,PG,UI/UX Designer
Android; Flutter,Web Development,Logical,PG,Mobile App Developer
CI/CD; Jenkins,Data Analysis,Creative,PG,DevOps Engineer
Python; OOP,Mobile Development,Logical,UG,Software Engineer
TensorFlow; Python,Web Development,Analytical,Diploma,ML Engineer
Python; OOP,Cloud Computing,Social,PG,Software Engineer
Google Ads; Analytics,App Development,Creative,UG,Digital Marketer
Email Marketing; Branding,App Development,Creative,Diploma,Digital Marketer
AWS; Cloud,Data Analysis,Social,PG,Cloud Engineer
Social Media Marketing,Mobile Development,Creative,UG,Digital Marketer
Python; ML Algorithms,Data Analysis,Analytical,PG,ML Engineer
TensorFlow; Python,Data Analysis,Creative,Diploma,ML Engineer
Azure; Cloud Security,Programming,Creative,PG,Cloud Engineer
Python; OOP,App Development,Social,PG,Software Engineer
Wireframing; User Research,DevOps,Analytical,UG,UI/UX Designer
Android Studio; Kotlin,Machine Learning,Creative,PG,Android Developer
Canva; UI Design,Programming,Social,Diploma,UI/UX Designer
Git; GitHub,Web Development,Creative,UG,Software Engineer
Photoshop; Illustrator,Marketing,Creative,Diploma,UI/UX Designer
Java; Android,Cloud Computing,Logical,Diploma,Android Developer
GCP; Cloud Architecture,Cloud Computing,Social,PG,Cloud Engineer
Docker; Kubernetes,Marketing,Logical,UG,DevOps Engineer
Git; GitHub,Designing,Creative,UG,Software Engineer
GCP; Cloud Architecture,Data Analysis,Creative,UG,Cloud Engineer
Python; SQL; PowerBI,Designing,Logical,Diploma,Data Scientist
Linux; Bash; DevOps,Mobile Development,Logical,UG,DevOps Engineer
Email Marketing; Branding,Data Analysis,Creative,Diploma,Digital Marketer
TensorFlow; Python,Data Analysis,Analytical,UG,ML Engineer
Android Studio; Kotlin,Machine Learning,Creative,Diploma,Android Developer
React Native; JavaScript,Cloud Computing,Social,Diploma,Mobile App Developer
HTML; CSS; JavaScript,Cloud Computing,Creative,PG,Web Developer
Android; Flutter,Web Development,Logical,Diploma,Mobile App Developer
Canva; UI Design,Designing,Analytical,PG,UI/UX Designer
PyTorch; Neural Networks,Data Analysis,Social,UG,ML Engineer
Android Studio; Kotlin,Marketing,Logical,Diploma,Android Developer
Python; Data Analysis,App Development,Logical,Diploma,Data Scientist
GCP; Cloud Architecture,Mobile Development,Creative,PG,Cloud Engineer
NextJS; JavaScript,Web Development,Creative,UG,Web Developer
React; NodeJS,Machine Learning,Creative,UG,Web Developer
NextJS; JavaScript,Marketing,Social,Diploma,Web Developer
Statistics; Python,Machine Learning,Logical,Diploma,Data Scientist
Figma; Prototyping,App Development,Logical,PG,UI/UX Designer
CI/CD; Jenkins,Mobile Development,Creative,PG,DevOps Engineer
Photoshop; Illustrator,Web Development,Creative,PG,UI/UX Designer
C++; DSA,App Development,Creative,Diploma,Software Engineer
Machine Learning; Python,Cloud Computing,Creative,Diploma,Data Scientist
Email Marketing; Branding,Machine Learning,Creative,PG,Digital Marketer
C++; DSA,Designing,Analytical,UG,Software Engineer
Docker; Kubernetes,Marketing,Logical,Diploma,DevOps Engineer
Java; Android,Web Development,Analytical,Diploma,Android Developer
Photoshop; Illustrator,Cloud Computing,Logical,UG,UI/UX Designer
Android; Kotlin,Web Development,Creative,PG,Android Developer
Linux; Bash; DevOps,Data Analysis,Logical,PG,DevOps Engineer
Android; Kotlin,Machine Learning,Social,Diploma,Android Developer
Machine Learning; Python,Mobile Development,Social,PG,Data Scientist
Wireframing; User Research,DevOps,Creative,Diploma,UI/UX Designer
Flutter; Dart,Machine Learning,Logical,UG,Mobile App Developer
Linux; Bash; DevOps,Data Analysis,Social,PG,DevOps Engineer
Social Media Marketing,Marketing,Analytical,Diploma,Digital Marketer
React; NodeJS,Marketing,Creative,UG,Web Developer
Java; Android,Web Development,Social,UG,Android Developer
Wireframing; User Research,Data Analysis,Social,Diploma,UI/UX Designer
Social Media Marketing,Data Analysis,Social,UG,Digital Marketer
Machine Learning; Python,Mobile Development,Logical,UG,Data Scientist
Python; Pandas; NumPy,DevOps,Social,UG,Data Scientist
Python; OOP,DevOps,Logical,PG,Software Engineer
Python; Data Analysis,Data Analysis,Analytical,UG,Data Scientist
Python; Pandas; NumPy,Marketing,Logical,PG,Data Scientist
Python; OOP,Designing,Social,PG,Software Engineer
Statistics; Python,DevOps,Creative,Diploma,Data Scientist
Flutter; Dart,Mobile Development,Analytical,PG,Mobile App Developer
AWS; Cloud,App Development,Creative,Diploma,Cloud Engineer
Wireframing; User Research,DevOps,Logical,PG,UI/UX Designer
Git; GitHub,Designing,Creative,PG,Software Engineer
Linux; Bash; DevOps,Cloud Computing,Analytical,UG,DevOps Engineer
C++; DSA,Marketing,Analytical,UG,Software Engineer
Python; SQL; PowerBI,Cloud Computing,Creative,Diploma,Data Scientist
Flutter; Dart,Data Analysis,Creative,PG,Mobile App Developer
Email Marketing; Branding,Programming,Logical,UG,Digital Marketer
Linux; Bash; DevOps,Programming,Analytical,PG,DevOps Engineer
Git; GitHub,Cloud Computing,Logical,PG,Software Engineer
Photoshop; Illustrator,Machine Learning,Creative,Diploma,UI/UX Designer
Python; ML Algorithms,App Development,Social,PG,ML Engineer
Statistics; Python,Web Development,Social,PG,Data Scientist
MERN Stack,Cloud Computing,Logical,Diploma,Web Developer
Python; SQL; PowerBI,Marketing,Creative,UG,Data Scientist
Azure; Cloud Security,Machine Learning,Social,Diploma,Cloud Engineer
Python; ML Algorithms,Web Development,Analytical,PG,ML Engineer
Wireframing; User Research,Mobile Development,Logical,Diploma,UI/UX Designer
SEO; Content Writing,Programming,Social,PG,Digital Marketer
C++; DSA,DevOps,Creative,Diploma,Software Engineer
Git; GitHub,Programming,Social,UG,Software Engineer
Linux; Bash; DevOps,App Development,Social,Diploma,DevOps Engineer
Android; Flutter,Designing,Analytical,PG,Mobile App Developer
Docker; Kubernetes,DevOps,Social,PG,DevOps Engineer
NextJS; JavaScript,Designing,Analytical,PG,Web Developer
Python; Data Analysis,Programming,Social,UG,Data Scientist
Python; ML Algorithms,Marketing,Analytical,PG,ML Engineer
Wireframing; User Research,App Development,Social,Diploma,UI/UX Designer
PyTorch; Neural Networks,Designing,Analytical,UG,ML Engineer
CI/CD; Jenkins,Mobile Development,Social,PG,DevOps Engineer
Android; Flutter,Data Analysis,Social,Diploma,Mobile App Developer
NextJS; JavaScript,Designing,Logical,Diploma,Web Developer
Java; Spring,Mobile Development,Logical,UG,Software Engineer
Python; ML Algorithms,Cloud Computing,Logical,Diploma,ML Engineer
Photoshop; Illustrator,Machine Learning,Creative,Diploma,UI/UX Designer
Java; Android,Marketing,Logical,UG,Android Developer
Android; Flutter,DevOps,Logical,UG,Mobile App Developer
Android; Flutter,Cloud Computing,Analytical,Diploma,Mobile App Developer
AWS; Cloud,DevOps,Analytical,UG,Cloud Engineer
Python; Data Analysis,Data Analysis,Logical,UG,Data Scientist
Figma; Prototyping,Cloud Computing,Logical,Diploma,UI/UX Designer
SEO; Content Writing,Web Development,Social,Diploma,Digital Marketer
Azure; Cloud Security,Marketing,Logical,Diploma,Cloud Engineer
Social Media Marketing,Machine Learning,Analytical,PG,Digital Marketer
GCP; Cloud Architecture,App Development,Logical,Diploma,Cloud Engineer
React; NodeJS,Web Development,Logical,PG,Web Developer
Wireframing; User Research,Cloud Computing,Logical,UG,UI/UX Designer
Wireframing; User Research,Mobile Development,Social,UG,UI/UX Designer
Azure; Cloud Security,Web Development,Social,UG,Cloud Engineer
Android Studio; Kotlin,Web Development,Social,PG,Android Developer
Java; Spring,Designing,Social,UG,Software Engineer
React Native; JavaScript,Data Analysis,Analytical,Diploma,Mobile App Developer
MERN Stack,Machine Learning,Creative,Diploma,Web Developer
Flutter; Dart,Web Development,Analytical,PG,Mobile App Developer
TensorFlow; Python,Machine Learning,Social,Diploma,ML Engineer
Photoshop; Illustrator,Web Development,Creative,PG,UI/UX Designer
Flutter; Dart,Marketing,Social,Diploma,Mobile App Developer
NextJS; JavaScript,DevOps,Social,PG,Web Developer
Machine Learning; Python,DevOps,Analytical,PG,Data Scientist
Linux; Bash; DevOps,Cloud Computing,Analytical,UG,DevOps Engineer
Git; GitHub,Mobile Development,Logical,Diploma,Software Engineer
Canva; UI Design,Designing,Logical,PG,UI/UX Designer
Python; ML Algorithms,App Development,Social,UG,ML Engineer
AWS; Cloud,App Development,Creative,Diploma,Cloud Engineer
TensorFlow; Python,Programming,Logical,PG,ML Engineer
Python; Data Analysis,Designing,Social,UG,Data Scientist
Azure; Cloud Security,Web Development,Analytical,UG,Cloud Engineer
Machine Learning; Python,DevOps,Social,UG,Data Scientist
Android; Flutter,Cloud Computing,Creative,PG,Mobile App Developer
SEO; Content Writing,DevOps,Logical,PG,Digital Marketer
NextJS; JavaScript,App Development,Creative,Diploma,Web Developer
Google Ads; Analytics,Mobile Development,Analytical,UG,Digital Marketer
MERN Stack,Cloud Computing,Analytical,Diploma,Web Developer
Social Media Marketing,Programming,Creative,PG,Digital Marketer
GCP; Cloud Architecture,Programming,Social,UG,Cloud Engineer
Android; Flutter,Machine Learning,Creative,UG,Mobile App Developer
Deep Learning; Python,Marketing,Social,Diploma,ML Engineer
Linux; Bash; DevOps,Data Analysis,Logical,Diploma,DevOps Engineer
Python; OOP,Web Development,Creative,UG,Software Engineer
Deep Learning; Python,App Development,Analytical,Diploma,ML Engineer
Email Marketing; Branding,Data Analysis,Social,Diploma,Digital Marketer
GCP; Cloud Architecture,Data Analysis,Creative,UG,Cloud Engineer
Machine Learning; Python,Data Analysis,Social,Diploma,Data Scientist
Google Ads; Analytics,Web Development,Logical,Diploma,Digital Marketer
C++; DSA,DevOps,Analytical,UG,Software Engineer
Docker; Kubernetes,Designing,Creative,UG,DevOps Engineer
Statistics; Python,Machine Learning,Logical,Diploma,Data Scientist
Azure; Cloud Security,Marketing,Logical,PG,Cloud Engineer
Google Ads; Analytics,Web Development,Logical,UG,Digital Marketer
Azure; Cloud Security,Mobile Development,Analytical,UG,Cloud Engineer
React Native; JavaScript,Cloud Computing,Analytical,Diploma,Mobile App Developer
Android; Flutter,Marketing,Logical,UG,Mobile App Developer
GCP; Cloud Architecture,Designing,Logical,PG,Cloud Engineer
Android; Flutter,Marketing,Logical,Diploma,Mobile App Developer
Canva; UI Design,Programming,Social,UG,UI/UX Designer
Statistics; Python,Web Development,Analytical,PG,Data Scientist
Azure; Cloud Security,Cloud Computing,Creative,UG,Cloud Engineer
Social Media Marketing,Data Analysis,Creative,PG,Digital Marketer
SEO; Content Writing,Programming,Creative,Diploma,Digital Marketer
Wireframing; User Research,Designing,Creative,UG,UI/UX Designer
Java; Spring,Programming,Social,UG,Software Engineer
Email Marketing; Branding,Designing,Creative,UG,Digital Marketer
Photoshop; Illustrator,Cloud Computing,Creative,PG,UI/UX Designer
Social Media Marketing,App Development,Social,Diploma,Digital Marketer
Wireframing; User Research,Cloud Computing,Social,PG,UI/UX Designer
Deep Learning; Python,Mobile Development,Social,UG,ML Engineer
Android; Kotlin,Designing,Logical,Diploma,Android Developer
Java; Spring,Cloud Computing,Creative,UG,Software Engineer
PyTorch; Neural Networks,Designing,Social,PG,ML Engineer
PyTorch; Neural Networks,Cloud Computing,Logical,PG,ML Engineer
Wireframing; User Research,Marketing,Analytical,UG,UI/UX Designer
PyTorch; Neural Networks,Web Development,Social,Diploma,ML Engineer
TensorFlow; Python,App Development,Analytical,Diploma,ML Engineer
Git; GitHub,Programming,Social,Diploma,Software Engineer
Android; Kotlin,Web Development,Analytical,PG,Android Developer
NextJS; JavaScript,Mobile Development,Logical,PG,Web Developer
Canva; UI Design,Web Development,Creative,PG,UI/UX Designer
Python; Pandas; NumPy,App Development,Logical,Diploma,Data Scientist
Deep Learning; Python,Cloud Computing,Creative,PG,ML Engineer
Android; Flutter,Designing,Social,UG,Mobile App Developer
Linux; Bash; DevOps,Designing,Analytical,UG,DevOps Engineer
Android Studio; Kotlin,Machine Learning,Analytical,PG,Android Developer
Google Ads; Analytics,Marketing,Social,PG,Digital Marketer
React; NodeJS,Programming,Social,UG,Web Developer
Java; Spring,Machine Learning,Logical,PG,Software Engineer
SEO; Content Writing,Cloud Computing,Social,UG,Digital Marketer
Android; Kotlin,Web Development,Analytical,Diploma,Android Developer
GCP; Cloud Architecture,Marketing,Social,Diploma,Cloud Engineer
Flutter; Dart,DevOps,Creative,PG,Mobile App Developer
Java; Android,App Development,Analytical,UG,Android Developer
Flutter; Dart,Cloud Computing,Analytical,UG,Mobile App Developer
GCP; Cloud Architecture,Marketing,Analytical,PG,Cloud Engineer
Statistics; Python,Mobile Development,Logical,Diploma,Data Scientist
Java; Spring,Designing,Social,PG,Software Engineer
NextJS; JavaScript,Data Analysis,Logical,PG,Web Developer
React Native; JavaScript,App Development,Analytical,Diploma,Mobile App Developer
Python; Data Analysis,App Development,Creative,UG,Data Scientist
Python; ML Algorithms,Cloud Computing,Analytical,UG,ML Engineer
Deep Learning; Python,DevOps,Creative,UG,ML Engineer
NextJS; JavaScript,Programming,Logical,PG,Web Developer
React Native; JavaScript,Data Analysis,Logical,PG,Mobile App Developer
Wireframing; User Research,Cloud Computing,Logical,Diploma,UI/UX Designer
MERN Stack,App Development,Logical,UG,Web Developer
NextJS; JavaScript,Programming,Analytical,Diploma,Web Developer
Python; ML Algorithms,App Development,Logical,Diploma,ML Engineer
PyTorch; Neural Networks,Mobile Development,Creative,UG,ML Engineer
Photoshop; Illustrator,Cloud Computing,Analytical,UG,UI/UX Designer
Python; SQL; PowerBI,Cloud Computing,Analytical,UG,Data Scientist
Docker; Kubernetes,App Development,Creative,PG,DevOps Engineer
Android; Flutter,Cloud Computing,Logical,PG,Mobile App Developer
AWS; Cloud,Cloud Computing,Social,Diploma,Cloud Engineer
CI/CD; Jenkins,Web Development,Analytical,PG,DevOps Engineer
Android Studio; Kotlin,Web Development,Creative,Diploma,Android Developer
Wireframing; User Research,Data Analysis,Creative,Diploma,UI/UX Designer
GCP; Cloud Architecture,Mobile Development,Analytical,Diploma,Cloud Engineer
Python; ML Algorithms,Cloud Computing,Creative,PG,ML Engineer
Email Marketing; Branding,Web Development,Analytical,UG,Digital Marketer
NextJS; JavaScript,Data Analysis,Social,PG,Web Developer
Azure; Cloud Security,Designing,Analytical,UG,Cloud Engineer
Deep Learning; Python,Web Development,Social,UG,ML Engineer
Python; OOP,Cloud Computing,Analytical,UG,Software Engineer
TensorFlow; Python,Mobile Development,Analytical,UG,ML Engineer
Python; SQL; PowerBI,App Development,Creative,PG,Data Scientist
Figma; Prototyping,Web Development,Creative,UG,UI/UX Designer
PyTorch; Neural Networks,Programming,Logical,Diploma,ML Engineer
Python; OOP,Marketing,Social,PG,Software Engineer
HTML; CSS; JavaScript,Designing,Logical,Diploma,Web Developer
Linux; Bash; DevOps,Designing,Creative,PG,DevOps Engineer
Android; Kotlin,Programming,Logical,Diploma,Android Developer
Java; Spring,Cloud Computing,Social,UG,Software Engineer
PyTorch; Neural Networks,Mobile Development,Social,Diploma,ML Engineer
Python; OOP,Machine Learning,Analytical,UG,Software Engineer
TensorFlow; Python,Cloud Computing,Logical,PG,ML Engineer
Google Ads; Analytics,Machine Learning,Social,PG,Digital Marketer
Figma; Prototyping,Machine Learning,Analytical,Diploma,UI/UX Designer
Canva; UI Design,Designing,Logical,Diploma,UI/UX Designer
Azure; Cloud Security,Programming,Analytical,PG,Cloud Engineer
Azure; Cloud Security,Cloud Computing,Social,PG,Cloud Engineer
Android Studio; Kotlin,Machine Learning,Creative,UG,Android Developer
Python; ML Algorithms,Designing,Logical,Diploma,ML Engineer
React; NodeJS,Designing,Logical,Diploma,Web Developer
Docker; Kubernetes,Machine Learning,Analytical,PG,DevOps Engineer
C++; DSA,Marketing,Creative,PG,Software Engineer
Photoshop; Illustrator,DevOps,Analytical,Diploma,UI/UX Designer
Wireframing; User Research,App Development,Analytical,Diploma,UI/UX Designer
Python; OOP,Data Analysis,Analytical,PG,Software Engineer
HTML; CSS; JavaScript,Machine Learning,Social,Diploma,Web Developer
TensorFlow; Python,Web Development,Creative,UG,ML Engineer
Flutter; Dart,Marketing,Social,UG,Mobile App Developer
Python; Pandas; NumPy,Mobile Development,Creative,Diploma,Data Scientist
Figma; Prototyping,Programming,Logical,UG,UI/UX Designer
Git; GitHub,App Development,Analytical,Diploma,Software Engineer
AWS; Cloud,DevOps,Creative,PG,Cloud Engineer
TensorFlow; Python,Designing,Analytical,Diploma,ML Engineer
Deep Learning; Python,Machine Learning,Social,Diploma,ML Engineer
Docker; Kubernetes,Data Analysis,Analytical,PG,DevOps Engineer
PyTorch; Neural Networks,Cloud Computing,Creative,PG,ML Engineer
Python; SQL; PowerBI,Data Analysis,Analytical,Diploma,Data Scientist
Git; GitHub,Mobile Development,Logical,PG,Software Engineer
Linux; Bash; DevOps,App Development,Social,Diploma,DevOps Engineer
NextJS; JavaScript,DevOps,Logical,Diploma,Web Developer
Azure; Cloud Security,Data Analysis,Analytical,PG,Cloud Engineer
GCP; Cloud Architecture,Programming,Creative,PG,Cloud Engineer
Android; Kotlin,Machine Learning,Logical,Diploma,Android Developer
Java; Android,Mobile Development,Logical,UG,Android Developer
NextJS; JavaScript,Programming,Creative,Diploma,Web Developer
Flutter; Dart,Data Analysis,Analytical,UG,Mobile App Developer
Deep Learning; Python,Marketing,Analytical,Diploma,ML Engineer
Android; Flutter,Mobile Development,Logical,PG,Mobile App Developer
C++; DSA,Web Development,Social,Diploma,Software Engineer
Docker; Kubernetes,Marketing,Creative,PG,DevOps Engineer
PyTorch; Neural Networks,Cloud Computing,Logical,UG,ML Engineer
Android Studio; Kotlin,Designing,Analytical,PG,Android Developer
Flutter; Dart,DevOps,Creative,Diploma,Mobile App Developer
CI/CD; Jenkins,Mobile Development,Social,PG,DevOps Engineer
Statistics; Python,App Development,Creative,PG,Data Scientist
Figma; Prototyping,Programming,Analytical,Diploma,UI/UX Designer
SEO; Content Writing,Programming,Social,PG,Digital Marketer
Statistics; Python,Designing,Social,Diploma,Data Scientist
Canva; UI Design,DevOps,Social,UG,UI/UX Designer
Android; Flutter,Cloud Computing,Social,Diploma,Mobile App Developer
Git; GitHub,Designing,Creative,PG,Software Engineer
Photoshop; Illustrator,DevOps,Logical,Diploma,UI/UX Designer
Android Studio; Kotlin,Mobile Development,Analytical,PG,Android Developer
Email Marketing; Branding,DevOps,Creative,UG,Digital Marketer
Docker; Kubernetes,Machine Learning,Logical,UG,DevOps Engineer
Linux; Bash; DevOps,App Development,Social,PG,DevOps Engineer
React Native; JavaScript,DevOps,Creative,Diploma,Mobile App Developer
Git; GitHub,Mobile Development,Social,Diploma,Software Engineer
Java; Android,DevOps,Creative,PG,Android Developer
Docker; Kubernetes,DevOps,Creative,UG,DevOps Engineer
Machine Learning; Python,Programming,Creative,UG,Data Scientist
Linux; Bash; DevOps,Machine Learning,Creative,UG,DevOps Engineer
SEO; Content Writing,Web Development,Logical,PG,Digital Marketer
MERN Stack,Designing,Social,Diploma,Web Developer
Python; Data Analysis,Web Development,Logical,UG,Data Scientist
Azure; Cloud Security,Marketing,Creative,Diploma,Cloud Engineer
Python; OOP,Marketing,Analytical,UG,Software Engineer
SEO; Content Writing,App Development,Creative,Diploma,Digital Marketer
TensorFlow; Python,Data Analysis,Analytical,PG,ML Engineer
Java; Spring,Marketing,Analytical,Diploma,Software Engineer
Python; Data Analysis,Data Analysis,Analytical,PG,Data Scientist
React Native; JavaScript,Mobile Development,Creative,PG,Mobile App Developer
PyTorch; Neural Networks,App Development,Social,UG,ML Engineer
Email Marketing; Branding,Mobile Development,Creative,Diploma,Digital Marketer
Flutter; Dart,App Development,Creative,UG,Mobile App Developer
AWS; Cloud,Cloud Computing,Analytical,UG,Cloud Engineer
Android; Flutter,DevOps,Social,UG,Mobile App Developer
Docker; Kubernetes,Cloud Computing,Social,UG,DevOps Engineer
NextJS; JavaScript,Designing,Social,PG,Web Developer
Python; Data Analysis,Marketing,Analytical,Diploma,Data Scientist
C++; DSA,Cloud Computing,Social,Diploma,Software Engineer
NextJS; JavaScript,Marketing,Creative,PG,Web Developer
Google Ads; Analytics,Web Development,Analytical,UG,Digital Marketer
React Native; JavaScript,Machine Learning,Creative,PG,Mobile App Developer
React; NodeJS,Data Analysis,Creative,PG,Web Developer
Docker; Kubernetes,Marketing,Creative,UG,DevOps Engineer
AWS; Cloud,Cloud Computing,Social,PG,Cloud Engineer
MERN Stack,Mobile Development,Analytical,PG,Web Developer
Deep Learning; Python,Marketing,Creative,Diploma,ML Engineer
Wireframing; User Research,Web Development,Social,UG,UI/UX Designer
Python; Data Analysis,Mobile Development,Analytical,PG,Data Scientist
Java; Spring,Mobile Development,Social,UG,Software Engineer
Python; ML Algorithms,Cloud Computing,Analytical,PG,ML Engineer
Social Media Marketing,Mobile Development,Analytical,UG,Digital Marketer
NextJS; JavaScript,Web Development,Social,Diploma,Web Developer
Java; Spring,Mobile Development,Social,PG,Software Engineer
Canva; UI Design,Data Analysis,Social,UG,UI/UX Designer
Photoshop; Illustrator,Designing,Logical,UG,UI/UX Designer
Wireframing; User Research,DevOps,Logical,UG,UI/UX Designer
Google Ads; Analytics,DevOps,Logical,UG,Digital Marketer
Android Studio; Kotlin,App Development,Analytical,Diploma,Android Developer
Linux; Bash; DevOps,DevOps,Social,UG,DevOps Engineer
Linux; Bash; DevOps,Data Analysis,Creative,PG,DevOps Engineer
Azure; Cloud Security,Cloud Computing,Logical,Diploma,Cloud Engineer
Python; Pandas; NumPy,Mobile Development,Creative,Diploma,Data Scientist
Android; Flutter,Mobile Development,Social,UG,Mobile App Developer
Wireframing; User Research,Machine Learning,Analytical,Diploma,UI/UX Designer
Android Studio; Kotlin,Mobile Development,Analytical,Diploma,Android Developer
Java; Android,Cloud Computing,Analytical,PG,Android Developer
SEO; Content Writing,Mobile Development,Creative,Diploma,Digital Marketer
Android; Kotlin,Programming,Logical,UG,Android Developer
Python; SQL; PowerBI,Cloud Computing,Analytical,PG,Data Scientist
MERN Stack,DevOps,Social,Diploma,Web Developer
TensorFlow; Python,Marketing,Social,PG,ML Engineer
React Native; JavaScript,Marketing,Creative,UG,Mobile App Developer
Statistics; Python,DevOps,Social,UG,Data Scientist
Deep Learning; Python,DevOps,Social,UG,ML Engineer
Social Media Marketing,Data Analysis,Creative,UG,Digital Marketer
Wireframing; User Research,Cloud Computing,Social,PG,UI/UX Designer
Android; Kotlin,Cloud Computing,Analytical,PG,Android Developer
Flutter; Dart,Machine Learning,Creative,Diploma,Mobile App Developer
Java; Android,Machine Learning,Logical,PG,Android Developer
NextJS; JavaScript,Machine Learning,Analytical,Diploma,Web Developer
Python; ML Algorithms,Marketing,Creative,PG,ML Engineer
Android Studio; Kotlin,Designing,Social,UG,Android Developer
Python; ML Algorithms,Marketing,Creative,Diploma,ML Engineer
Git; GitHub,Programming,Analytical,UG,Software Engineer
HTML; CSS; JavaScript,Programming,Analytical,UG,Web Developer
Docker; Kubernetes,Programming,Analytical,PG,DevOps Engineer
Linux; Bash; DevOps,Mobile Development,Social,PG,DevOps Engineer
AWS; Cloud,Programming,Creative,UG,Cloud Engineer
MERN Stack,Cloud Computing,Logical,PG,Web Developer
Azure; Cloud Security,App Development,Logical,Diploma,Cloud Engineer
Python; OOP,Programming,Logical,Diploma,Software Engineer
Java; Spring,Marketing,Analytical,UG,Software Engineer
Java; Android,Designing,Social,PG,Android Developer
PyTorch; Neural Networks,Machine Learning,Logical,PG,ML Engineer
Java; Spring,Machine Learning,Logical,Diploma,Software Engineer
NextJS; JavaScript,App Development,Creative,PG,Web Developer
CI/CD; Jenkins,App Development,Analytical,Diploma,DevOps Engineer
Python; OOP,Mobile Development,Logical,Diploma,Software Engineer
Linux; Bash; DevOps,Programming,Social,PG,DevOps Engineer
Photoshop; Illustrator,Designing,Logical,PG,UI/UX Designer
React Native; JavaScript,Programming,Social,PG,Mobile App Developer
SEO; Content Writing,Machine Learning,Logical,PG,Digital Marketer
Photoshop; Illustrator,App Development,Social,PG,UI/UX Designer
C++; DSA,Web Development,Creative,PG,Software Engineer
Google Ads; Analytics,Web Development,Creative,Diploma,Digital Marketer
Android; Kotlin,Marketing,Social,Diploma,Android Developer
Google Ads; Analytics,App Development,Analytical,PG,Digital Marketer
Wireframing; User Research,DevOps,Analytical,UG,UI/UX Designer
Social Media Marketing,Programming,Creative,PG,Digital Marketer
React Native; JavaScript,Marketing,Social,PG,Mobile App Developer
Python; Data Analysis,Mobile Development,Creative,UG,Data Scientist
Android; Kotlin,App Development,Analytical,Diploma,Android Developer
TensorFlow; Python,Machine Learning,Social,Diploma,ML Engineer
Wireframing; User Research,DevOps,Analytical,PG,UI/UX Designer
React; NodeJS,Designing,Logical,UG,Web Developer
Azure; Cloud Security,Data Analysis,Analytical,Diploma,Cloud Engineer
Canva; UI Design,App Development,Social,Diploma,UI/UX Designer
MERN Stack,Marketing,Logical,Diploma,Web Developer
Android Studio; Kotlin,Designing,Social,UG,Android Developer
SEO; Content Writing,Cloud Computing,Analytical,UG,Digital Marketer
Email Marketing; Branding,DevOps,Logical,PG,Digital Marketer
Email Marketing; Branding,Mobile Development,Creative,Diploma,Digital Marketer
TensorFlow; Python,Cloud Computing,Analytical,PG,ML Engineer
Docker; Kubernetes,Marketing,Social,PG,DevOps Engineer
Figma; Prototyping,Marketing,Analytical,PG,UI/UX Designer
Android; Kotlin,Data Analysis,Logical,UG,Android Developer
Python; SQL; PowerBI,Cloud Computing,Creative,Diploma,Data Scientist
Java; Spring,Web Development,Logical,PG,Software Engineer
AWS; Cloud,Designing,Social,UG,Cloud Engineer
AWS; Cloud,Cloud Computing,Analytical,Diploma,Cloud Engineer
Java; Android,Mobile Development,Logical,Diploma,Android Developer
Android; Kotlin,Data Analysis,Social,PG,Android Developer
Email Marketing; Branding,Web Development,Creative,Diploma,Digital Marketer
React Native; JavaScript,Marketing,Logical,PG,Mobile App Developer
MERN Stack,Programming,Logical,PG,Web Developer
React; NodeJS,Web Development,Logical,UG,Web Developer
Machine Learning; Python,Programming,Social,PG,Data Scientist
HTML; CSS; JavaScript,Machine Learning,Logical,UG,Web Developer
Git; GitHub,Designing,Creative,UG,Software Engineer
Figma; Prototyping,Machine Learning,Analytical,Diploma,UI/UX Designer
GCP; Cloud Architecture,Designing,Analytical,PG,Cloud Engineer
Deep Learning; Python,Data Analysis,Logical,UG,ML Engineer
Flutter; Dart,Data Analysis,Analytical,Diploma,Mobile App Developer
AWS; Cloud,DevOps,Social,PG,Cloud Engineer
TensorFlow; Python,Machine Learning,Creative,Diploma,ML Engineer
Azure; Cloud Security,Mobile Development,Social,PG,Cloud Engineer
React Native; JavaScript,App Development,Logical,UG,Mobile App Developer
Statistics; Python,Designing,Social,Diploma,Data Scientist
Wireframing; User Research,Web Development,Analytical,UG,UI/UX Designer
PyTorch; Neural Networks,Mobile Development,Analytical,PG,ML Engineer
Flutter; Dart,Designing,Logical,UG,Mobile App Developer
Photoshop; Illustrator,Designing,Analytical,PG,UI/UX Designer
HTML; CSS; JavaScript,App Development,Creative,PG,Web Developer
GCP; Cloud Architecture,Designing,Creative,UG,Cloud Engineer
TensorFlow; Python,Cloud Computing,Social,PG,ML Engineer
PyTorch; Neural Networks,Marketing,Social,PG,ML Engineer
Wireframing; User Research,Machine Learning,Creative,UG,UI/UX Designer
Java; Android,Cloud Computing,Analytical,UG,Android Developer
Machine Learning; Python,Machine Learning,Social,UG,Data Scientist
Android; Flutter,Machine Learning,Analytical,Diploma,Mobile App Developer
Python; Data Analysis,Machine Learning,Social,PG,Data Scientist
Git; GitHub,Programming,Social,UG,Software Engineer
Python; ML Algorithms,Data Analysis,Logical,Diploma,ML Engineer
NextJS; JavaScript,Machine Learning,Creative,PG,Web Developer
CI/CD; Jenkins,Web Development,Logical,PG,DevOps Engineer
Python; Pandas; NumPy,Programming,Creative,Diploma,Data Scientist
Java; Spring,Programming,Logical,Diploma,Software Engineer
Deep Learning; Python,Data Analysis,Social,UG,ML Engineer
Android; Kotlin,Designing,Social,UG,Android Developer
C++; DSA,Programming,Analytical,UG,Software Engineer
Java; Android,Web Development,Analytical,Diploma,Android Developer
Email Marketing; Branding,Web Development,Logical,Diploma,Digital Marketer
React; NodeJS,Machine Learning,Social,UG,Web Developer
Machine Learning; Python,Marketing,Social,UG,Data Scientist
Python; Pandas; NumPy,App Development,Analytical,PG,Data Scientist
SEO; Content Writing,Web Development,Creative,UG,Digital Marketer
Canva; UI Design,Data Analysis,Social,UG,UI/UX Designer
Python; OOP,App Development,Analytical,Diploma,Software Engineer
Java; Android,Marketing,Social,Diploma,Android Developer
Java; Spring,Machine Learning,Logical,UG,Software Engineer
Wireframing; User Research,Data Analysis,Social,Diploma,UI/UX Designer
CI/CD; Jenkins,Data Analysis,Logical,PG,DevOps Engineer
Figma; Prototyping,Machine Learning,Analytical,Diploma,UI/UX Designer
Git; GitHub,Programming,Social,Diploma,Software Engineer
Wireframing; User Research,Mobile Development,Analytical,PG,UI/UX Designer
React Native; JavaScript,App Development,Social,PG,Mobile App Developer
Photoshop; Illustrator,Machine Learning,Social,PG,UI/UX Designer
AWS; Cloud,Programming,Analytical,UG,Cloud Engineer
AWS; Cloud,Mobile Development,Analytical,Diploma,Cloud Engineer
Android; Kotlin,Machine Learning,Logical,PG,Android Developer
Figma; Prototyping,Data Analysis,Social,Diploma,UI/UX Designer
CI/CD; Jenkins,Marketing,Social,UG,DevOps Engineer
HTML; CSS; JavaScript,Cloud Computing,Analytical,UG,Web Developer
GCP; Cloud Architecture,Programming,Analytical,Diploma,Cloud Engineer
Docker; Kubernetes,Programming,Logical,PG,DevOps Engineer
Java; Spring,Machine Learning,Social,UG,Software Engineer
Android; Kotlin,DevOps,Creative,Diploma,Android Developer
Canva; UI Design,Cloud Computing,Logical,Diploma,UI/UX Designer
Deep Learning; Python,Marketing,Creative,PG,ML Engineer
HTML; CSS; JavaScript,Cloud Computing,Logical,UG,Web Developer
Figma; Prototyping,Data Analysis,Social,UG,UI/UX Designer
Google Ads; Analytics,Web Development,Social,PG,Digital Marketer
SEO; Content Writing,Programming,Analytical,PG,Digital Marketer
C++; DSA,Designing,Creative,Diploma,Software Engineer
Git; GitHub,Marketing,Logical,PG,Software Engineer
Docker; Kubernetes,Cloud Computing,Analytical,Diploma,DevOps Engineer
AWS; Cloud,DevOps,Social,PG,Cloud Engineer
CI/CD; Jenkins,DevOps,Social,Diploma,DevOps Engineer
Linux; Bash; DevOps,Programming,Analytical,Diploma,DevOps Engineer
Python; OOP,Designing,Logical,PG,Software Engineer
Python; Data Analysis,Web Development,Analytical,PG,Data Scientist
Deep Learning; Python,Marketing,Analytical,PG,ML Engineer
Social Media Marketing,App Development,Analytical,Diploma,Digital Marketer
CI/CD; Jenkins,Machine Learning,Creative,Diploma,DevOps Engineer
Canva; UI Design,Mobile Development,Logical,UG,UI/UX Designer
AWS; Cloud,Marketing,Analytical,PG,Cloud Engineer
Android Studio; Kotlin,Cloud Computing,Analytical,UG,Android Developer
Java; Spring,Data Analysis,Analytical,Diploma,Software Engineer
Android Studio; Kotlin,Data Analysis,Social,UG,Android Developer
Python; SQL; PowerBI,Web Development,Creative,PG,Data Scientist
React; NodeJS,Marketing,Analytical,UG,Web Developer
TensorFlow; Python,Data Analysis,Logical,Diploma,ML Engineer
Wireframing; User Research,App Development,Analytical,Diploma,UI/UX Designer
Flutter; Dart,DevOps,Social,UG,Mobile App Developer
Docker; Kubernetes,Marketing,Logical,Diploma,DevOps Engineer
C++; DSA,Machine Learning,Creative,Diploma,Software Engineer
Flutter; Dart,DevOps,Analytical,UG,Mobile App Developer
Azure; Cloud Security,Programming,Logical,UG,Cloud Engineer
Statistics; Python,Cloud Computing,Creative,PG,Data Scientist
Android; Flutter,App Development,Analytical,PG,Mobile App Developer
Statistics; Python,Cloud Computing,Analytical,Diploma,Data Scientist
React Native; JavaScript,Data Analysis,Analytical,PG,Mobile App Developer
C++; DSA,Data Analysis,Creative,UG,Software Engineer
GCP; Cloud Architecture,Designing,Analytical,PG,Cloud Engineer
Python; OOP,Marketing,Creative,PG,Software Engineer
TensorFlow; Python,DevOps,Analytical,Diploma,ML Engineer
Statistics; Python,Designing,Analytical,PG,Data Scientist
GCP; Cloud Architecture,DevOps,Creative,PG,Cloud Engineer
Python; SQL; PowerBI,Marketing,Analytical,Diploma,Data Scientist
Docker; Kubernetes,App Development,Social,PG,DevOps Engineer
React Native; JavaScript,Data Analysis,Analytical,UG,Mobile App Developer
Python; ML Algorithms,Marketing,Logical,UG,ML Engineer
Email Marketing; Branding,Designing,Creative,UG,Digital Marketer
NextJS; JavaScript,Marketing,Social,Diploma,Web Developer
Email Marketing; Branding,Data Analysis,Logical,PG,Digital Marketer
Docker; Kubernetes,DevOps,Creative,UG,DevOps Engineer
Docker; Kubernetes,Programming,Analytical,PG,DevOps Engineer
Linux; Bash; DevOps,Cloud Computing,Creative,PG,DevOps Engineer
Linux; Bash; DevOps,App Development,Creative,Diploma,DevOps Engineer
Python; Pandas; NumPy,Web Development,Logical,UG,Data Scientist
Azure; Cloud Security,App Development,Logical,UG,Cloud Engineer
Python; OOP,Marketing,Social,Diploma,Software Engineer
Canva; UI Design,Data Analysis,Social,PG,UI/UX Designer
Android; Kotlin,App Development,Logical,UG,Android Developer
React; NodeJS,Web Development,Analytical,UG,Web Developer
Wireframing; User Research,Machine Learning,Logical,Diploma,UI/UX Designer
Docker; Kubernetes,Programming,Analytical,PG,DevOps Engineer
Linux; Bash; DevOps,Machine Learning,Social,UG,DevOps Engineer
NextJS; JavaScript,Programming,Social,UG,Web Developer
HTML; CSS; JavaScript,Web Development,Social,Diploma,Web Developer
Android Studio; Kotlin,Mobile Development,Logical,PG,Android Developer
Java; Android,Marketing,Creative,PG,Android Developer
CI/CD; Jenkins,Cloud Computing,Logical,UG,DevOps Engineer
SEO; Content Writing,Designing,Analytical,Diploma,Digital Marketer
Azure; Cloud Security,Web Development,Analytical,Diploma,Cloud Engineer
Figma; Prototyping,DevOps,Logical,Diploma,UI/UX Designer
Email Marketing; Branding,Web Development,Logical,UG,Digital Marketer
Photoshop; Illustrator,Designing,Creative,UG,UI/UX Designer
C++; DSA,Web Development,Social,Diploma,Software Engineer
Flutter; Dart,Marketing,Social,PG,Mobile App Developer
SEO; Content Writing,Marketing,Creative,UG,Digital Marketer
React Native; JavaScript,Designing,Creative,PG,Mobile App Developer
HTML; CSS; JavaScript,DevOps,Analytical,Diploma,Web Developer
AWS; Cloud,Data Analysis,Social,UG,Cloud Engineer
Git; GitHub,DevOps,Logical,PG,Software Engineer
Flutter; Dart,Cloud Computing,Creative,PG,Mobile App Developer
MERN Stack,Cloud Computing,Creative,UG,Web Developer
Docker; Kubernetes,Marketing,Analytical,UG,DevOps Engineer
CI/CD; Jenkins,Machine Learning,Social,PG,DevOps Engineer
Photoshop; Illustrator,Programming,Creative,PG,UI/UX Designer
Python; ML Algorithms,Designing,Social,UG,ML Engineer
Java; Spring,Web Development,Creative,Diploma,Software Engineer
HTML; CSS; JavaScript,Web Development,Social,Diploma,Web Developer
GCP; Cloud Architecture,Web Development,Creative,UG,Cloud Engineer
HTML; CSS; JavaScript,App Development,Logical,PG,Web Developer
Python; ML Algorithms,Data Analysis,Logical,Diploma,ML Engineer
Google Ads; Analytics,Designing,Social,Diploma,Digital Marketer
Docker; Kubernetes,Designing,Analytical,UG,DevOps Engineer
Machine Learning; Python,Machine Learning,Logical,Diploma,Data Scientist
Figma; Prototyping,Web Development,Logical,Diploma,UI/UX Designer
Wireframing; User Research,Data Analysis,Analytical,Diploma,UI/UX Designer
Azure; Cloud Security,DevOps,Creative,UG,Cloud Engineer
Linux; Bash; DevOps,Designing,Creative,UG,DevOps Engineer
CI/CD; Jenkins,Marketing,Analytical,Diploma,DevOps Engineer
Python; OOP,DevOps,Logical,UG,Software Engineer
Android; Kotlin,Web Development,Logical,Diploma,Android Developer
CI/CD; Jenkins,Machine Learning,Social,PG,DevOps Engineer
React Native; JavaScript,Programming,Logical,Diploma,Mobile App Developer
Social Media Marketing,Web Development,Logical,UG,Digital Marketer
TensorFlow; Python,Web Development,Social,Diploma,ML Engineer
PyTorch; Neural Networks,Cloud Computing,Creative,PG,ML Engineer
React Native; JavaScript,Marketing,Social,UG,Mobile App Developer
Python; Data Analysis,App Development,Social,UG,Data Scientist
Figma; Prototyping,Designing,Logical,PG,UI/UX Designer
PyTorch; Neural Networks,Mobile Development,Social,Diploma,ML Engineer
AWS; Cloud,Marketing,Logical,PG,Cloud Engineer
GCP; Cloud Architecture,Cloud Computing,Social,Diploma,Cloud Engineer
CI/CD; Jenkins,Marketing,Analytical,Diploma,DevOps Engineer
Social Media Marketing,Data Analysis,Creative,UG,Digital Marketer
NextJS; JavaScript,Mobile Development,Social,UG,Web Developer
Machine Learning; Python,Machine Learning,Creative,PG,Data Scientist
Python; OOP,Data Analysis,Logical,Diploma,Software Engineer
Canva; UI Design,App Development,Logical,PG,UI/UX Designer
Photoshop; Illustrator,DevOps,Creative,Diploma,UI/UX Designer
SEO; Content Writing,App Development,Logical,Diploma,Digital Marketer
React; NodeJS,Marketing,Social,PG,Web Developer
Machine Learning; Python,Data Analysis,Logical,Diploma,Data Scientist
TensorFlow; Python,Data Analysis,Creative,Diploma,ML Engineer
Linux; Bash; DevOps,Web Development,Logical,Diploma,DevOps Engineer
Azure; Cloud Security,DevOps,Creative,UG,Cloud Engineer
React Native; JavaScript,Web Development,Logical,Diploma,Mobile App Developer
Linux; Bash; DevOps,Marketing,Creative,UG,DevOps Engineer
Java; Spring,Marketing,Analytical,PG,Software Engineer
React Native; JavaScript,DevOps,Creative,UG,Mobile App Developer
Python; Data Analysis,DevOps,Social,UG,Data Scientist
Java; Android,Programming,Logical,UG,Android Developer
HTML; CSS; JavaScript,DevOps,Analytical,PG,Web Developer
PyTorch; Neural Networks,Designing,Creative,Diploma,ML Engineer
AWS; Cloud,Data Analysis,Creative,Diploma,Cloud Engineer
Python; ML Algorithms,Web Development,Social,PG,ML Engineer
Flutter; Dart,Programming,Creative,UG,Mobile App Developer
React Native; JavaScript,Machine Learning,Logical,UG,Mobile App Developer
MERN Stack,Mobile Development,Analytical,Diploma,Web Developer
Social Media Marketing,Machine Learning,Social,PG,Digital Marketer
Android; Flutter,DevOps,Logical,UG,Mobile App Developer
Java; Spring,Mobile Development,Analytical,Diploma,Software Engineer
Python; ML Algorithms,Web Development,Social,PG,ML Engineer
C++; DSA,Marketing,Social,PG,Software Engineer
Email Marketing; Branding,Data Analysis,Creative,UG,Digital Marketer
CI/CD; Jenkins,Machine Learning,Analytical,PG,DevOps Engineer
Python; Pandas; NumPy,Data Analysis,Social,PG,Data Scientist
Linux; Bash; DevOps,Web Development,Social,PG,DevOps Engineer
Android; Flutter,Mobile Development,Social,Diploma,Mobile App Developer
React; NodeJS,Machine Learning,Logical,PG,Web Developer
Git; GitHub,App Development,Social,PG,Software Engineer
Python; Pandas; NumPy,DevOps,Social,PG,Data Scientist
Google Ads; Analytics,Web Development,Social,Diploma,Digital Marketer
Docker; Kubernetes,Machine Learning,Creative,Diploma,DevOps Engineer
Python; Pandas; NumPy,Designing,Analytical,PG,Data Scientist
HTML; CSS; JavaScript,Mobile Development,Logical,UG,Web Developer
Android; Kotlin,Marketing,Analytical,Diploma,Android Developer
React; NodeJS,Mobile Development,Analytical,PG,Web Developer
Azure; Cloud Security,DevOps,Logical,PG,Cloud Engineer
Docker; Kubernetes,Cloud Computing,Social,PG,DevOps Engineer
GCP; Cloud Architecture,App Development,Creative,UG,Cloud Engineer
React; NodeJS,App Development,Logical,PG,Web Developer
Linux; Bash; DevOps,Designing,Analytical,PG,DevOps Engineer
Figma; Prototyping,App Development,Creative,UG,UI/UX Designer
Python; ML Algorithms,Machine Learning,Social,PG,ML Engineer
Machine Learning; Python,App Development,Social,Diploma,Data Scientist
Android; Kotlin,Programming,Creative,Diploma,Android Developer
AWS; Cloud,Data Analysis,Analytical,UG,Cloud Engineer
Android; Flutter,Programming,Analytical,PG,Mobile App Developer
Android; Kotlin,Designing,Analytical,UG,Android Developer
Email Marketing; Branding,Programming,Social,Diploma,Digital Marketer
TensorFlow; Python,Designing,Logical,PG,ML Engineer
Linux; Bash; DevOps,App Development,Creative,UG,DevOps Engineer
SEO; Content Writing,Designing,Analytical,UG,Digital Marketer
Linux; Bash; DevOps,Machine Learning,Social,PG,DevOps Engineer
Social Media Marketing,Cloud Computing,Creative,UG,Digital Marketer
Docker; Kubernetes,Marketing,Logical,Diploma,DevOps Engineer
Python; ML Algorithms,Marketing,Creative,UG,ML Engineer
Photoshop; Illustrator,App Development,Analytical,PG,UI/UX Designer
Android Studio; Kotlin,Data Analysis,Creative,Diploma,Android Developer
Python; OOP,DevOps,Social,PG,Software Engineer
SEO; Content Writing,App Development,Logical,PG,Digital Marketer
SEO; Content Writing,Marketing,Creative,PG,Digital Marketer
Android; Kotlin,Web Development,Analytical,Diploma,Android Developer
Figma; Prototyping,Data Analysis,Creative,PG,UI/UX Designer
TensorFlow; Python,Designing,Creative,Diploma,ML Engineer
Python; Data Analysis,Web Development,Analytical,Diploma,Data Scientist
Machine Learning; Python,Cloud Computing,Logical,PG,Data Scientist
Docker; Kubernetes,Data Analysis,Analytical,Diploma,DevOps Engineer
Java; Android,Web Development,Logical,Diploma,Android Developer
TensorFlow; Python,Programming,Logical,Diploma,ML Engineer
Java; Android,DevOps,Creative,UG,Android Developer
Canva; UI Design,Cloud Computing,Social,PG,UI/UX Designer
Statistics; Python,Programming,Creative,PG,Data Scientist
Email Marketing; Branding,Machine Learning,Analytical,Diploma,Digital Marketer
C++; DSA,Cloud Computing,Analytical,Diploma,Software Engineer
React Native; JavaScript,Data Analysis,Logical,Diploma,Mobile App Developer
C++; DSA,DevOps,Social,UG,Software Engineer
Java; Spring,Machine Learning,Creative,Diploma,Software Engineer
MERN Stack,Designing,Social,Diploma,Web Developer
Python; OOP,Machine Learning,Logical,Diploma,Software Engineer
Android; Flutter,Mobile Development,Social,UG,Mobile App Developer
Wireframing; User Research,Marketing,Creative,PG,UI/UX Designer
Android; Flutter,Programming,Logical,Diploma,Mobile App Developer
Figma; Prototyping,DevOps,Social,PG,UI/UX Designer
Android Studio; Kotlin,Web Development,Analytical,UG,Android Developer
Canva; UI Design,Machine Learning,Analytical,Diploma,UI/UX Designer
AWS; Cloud,Web Development,Social,Diploma,Cloud Engineer
CI/CD; Jenkins,Machine Learning,Creative,UG,DevOps Engineer
Deep Learning; Python,App Development,Social,UG,ML Engineer
Photoshop; Illustrator,Cloud Computing,Creative,UG,UI/UX Designer
CI/CD; Jenkins,App Development,Social,UG,DevOps Engineer
Azure; Cloud Security,Designing,Creative,UG,Cloud Engineer
Android Studio; Kotlin,Cloud Computing,Logical,Diploma,Android Developer
CI/CD; Jenkins,Cloud Computing,Creative,UG,DevOps Engineer
TensorFlow; Python,Mobile Development,Logical,Diploma,ML Engineer
AWS; Cloud,Machine Learning,Analytical,PG,Cloud Engineer
SEO; Content Writing,Marketing,Social,Diploma,Digital Marketer
Python; ML Algorithms,Marketing,Creative,PG,ML Engineer
C++; DSA,Cloud Computing,Analytical,Diploma,Software Engineer
Python; Data Analysis,Mobile Development,Logical,PG,Data Scientist
Java; Android,Web Development,Creative,Diploma,Android Developer
Android; Kotlin,Data Analysis,Logical,Diploma,Android Developer
Wireframing; User Research,App Development,Logical,Diploma,UI/UX Designer
React Native; JavaScript,Programming,Logical,Diploma,Mobile App Developer
Deep Learning; Python,Programming,Analytical,PG,ML Engineer
AWS; Cloud,Mobile Development,Creative,Diploma,Cloud Engineer
Deep Learning; Python,Machine Learning,Logical,Diploma,ML Engineer
Docker; Kubernetes,Data Analysis,Logical,UG,DevOps Engineer
React Native; JavaScript,Machine Learning,Analytical,PG,Mobile App Developer
Wireframing; User Research,Marketing,Analytical,UG,UI/UX Designer
Email Marketing; Branding,DevOps,Social,PG,Digital Marketer
Python; Pandas; NumPy,Marketing,Analytical,UG,Data Scientist
Email Marketing; Branding,Programming,Creative,PG,Digital Marketer
TensorFlow; Python,DevOps,Analytical,Diploma,ML Engineer
SEO; Content Writing,Cloud Computing,Logical,Diploma,Digital Marketer
Deep Learning; Python,Data Analysis,Logical,Diploma,ML Engineer
React Native; JavaScript,Mobile Development,Analytical,UG,Mobile App Developer
Python; Data Analysis,Marketing,Creative,PG,Data Scientist
Android Studio; Kotlin,Machine Learning,Social,PG,Android Developer
GCP; Cloud Architecture,Marketing,Social,PG,Cloud Engineer
Linux; Bash; DevOps,Mobile Development,Creative,PG,DevOps Engineer
SEO; Content Writing,Data Analysis,Logical,UG,Digital Marketer
Java; Android,Data Analysis,Analytical,Diploma,Android Developer
CI/CD; Jenkins,App Development,Analytical,UG,DevOps Engineer
CI/CD; Jenkins,Machine Learning,Logical,Diploma,DevOps Engineer
CI/CD; Jenkins,App Development,Analytical,Diploma,DevOps Engineer
Java; Spring,Web Development,Logical,UG,Software Engineer
Python; OOP,Mobile Development,Creative,Diploma,Software Engineer
SEO; Content Writing,Data Analysis,Creative,Diploma,Digital Marketer
Email Marketing; Branding,Programming,Logical,PG,Digital Marketer
Java; Spring,Mobile Development,Logical,PG,Software Engineer
Deep Learning; Python,Data Analysis,Analytical,UG,ML Engineer
Java; Android,Cloud Computing,Logical,Diploma,Android Developer
HTML; CSS; JavaScript,Marketing,Social,PG,Web Developer
Python; ML Algorithms,Mobile Development,Social,Diploma,ML Engineer
Python; OOP,App Development,Analytical,UG,Software Engineer
Figma; Prototyping,Machine Learning,Analytical,UG,UI/UX Designer
Statistics; Python,DevOps,Logical,PG,Data Scientist
Python; Pandas; NumPy,DevOps,Creative,Diploma,Data Scientist
NextJS; JavaScript,Web Development,Logical,PG,Web Developer
Wireframing; User Research,Mobile Development,Logical,UG,UI/UX Designer
AWS; Cloud,Machine Learning,Creative,Diploma,Cloud Engineer
C++; DSA,Web Development,Logical,UG,Software Engineer
Azure; Cloud Security,Designing,Logical,UG,Cloud Engineer
Java; Spring,Data Analysis,Analytical,Diploma,Software Engineer
Python; SQL; PowerBI,Machine Learning,Logical,UG,Data Scientist
Photoshop; Illustrator,Programming,Creative,UG,UI/UX Designer
Flutter; Dart,Cloud Computing,Social,UG,Mobile App Developer
React Native; JavaScript,Designing,Logical,Diploma,Mobile App Developer
Email Marketing; Branding,App Development,Logical,UG,Digital Marketer
Flutter; Dart,Cloud Computing,Social,PG,Mobile App Developer
Android Studio; Kotlin,Machine Learning,Creative,PG,Android Developer
Linux; Bash; DevOps,Cloud Computing,Creative,PG,DevOps Engineer
Python; Data Analysis,Machine Learning,Analytical,UG,Data Scientist
Email Marketing; Branding,Web Development,Analytical,PG,Digital Marketer
Docker; Kubernetes,Marketing,Social,UG,DevOps Engineer
SEO; Content Writing,Machine Learning,Logical,PG,Digital Marketer
Python; Data Analysis,App Development,Social,PG,Data Scientist
Machine Learning; Python,Marketing,Logical,Diploma,Data Scientist
CI/CD; Jenkins,Web Development,Analytical,Diploma,DevOps Engineer
Figma; Prototyping,Marketing,Logical,Diploma,UI/UX Designer
Google Ads; Analytics,Machine Learning,Social,PG,Digital Marketer
Canva; UI Design,Web Development,Social,PG,UI/UX Designer
GCP; Cloud Architecture,DevOps,Analytical,UG,Cloud Engineer
PyTorch; Neural Networks,Mobile Development,Analytical,Diploma,ML Engineer
Python; OOP,Programming,Creative,Diploma,Software Engineer
GCP; Cloud Architecture,Web Development,Creative,PG,Cloud Engineer
SEO; Content Writing,Web Development,Logical,Diploma,Digital Marketer
Statistics; Python,Mobile Development,Creative,PG,Data Scientist
Android; Flutter,Mobile Development,Logical,Diploma,Mobile App Developer
Android; Kotlin,Web Development,Social,PG,Android Developer
Canva; UI Design,Marketing,Creative,PG,UI/UX Designer
C++; DSA,Cloud Computing,Creative,Diploma,Software Engineer
React Native; JavaScript,Machine Learning,Social,Diploma,Mobile App Developer
Python; ML Algorithms,Programming,Social,Diploma,ML Engineer
React; NodeJS,App Development,Logical,UG,Web Developer
MERN Stack,Programming,Logical,UG,Web Developer
Linux; Bash; DevOps,Programming,Social,Diploma,DevOps Engineer
CI/CD; Jenkins,Mobile Development,Creative,PG,DevOps Engineer
Java; Android,Machine Learning,Creative,PG,Android Developer
MERN Stack,Designing,Analytical,PG,Web Developer
Photoshop; Illustrator,DevOps,Social,Diploma,UI/UX Designer
Python; OOP,Designing,Creative,UG,Software Engineer
Photoshop; Illustrator,Marketing,Analytical,UG,UI/UX Designer
Machine Learning; Python,Machine Learning,Logical,PG,Data Scientist
Python; Data Analysis,DevOps,Creative,UG,Data Scientist
React; NodeJS,DevOps,Analytical,Diploma,Web Developer
Linux; Bash; DevOps,Cloud Computing,Creative,PG,DevOps Engineer
Email Marketing; Branding,Data Analysis,Logical,PG,Digital Marketer
Azure; Cloud Security,App Development,Analytical,UG,Cloud Engineer
Azure; Cloud Security,Programming,Creative,UG,Cloud Engineer
Google Ads; Analytics,Programming,Social,Diploma,Digital Marketer
Java; Spring,DevOps,Analytical,UG,Software Engineer
SEO; Content Writing,Machine Learning,Creative,UG,Digital Marketer
Python; ML Algorithms,Web Development,Analytical,UG,ML Engineer
React; NodeJS,DevOps,Logical,Diploma,Web Developer
CI/CD; Jenkins,Designing,Logical,Diploma,DevOps Engineer
C++; DSA,Data Analysis,Logical,UG,Software Engineer
Python; OOP,Programming,Logical,Diploma,Software Engineer
Deep Learning; Python,Data Analysis,Creative,Diploma,ML Engineer
Email Marketing; Branding,Designing,Social,PG,Digital Marketer
Flutter; Dart,Web Development,Social,UG,Mobile App Developer
SEO; Content Writing,Cloud Computing,Logical,Diploma,Digital Marketer
Email Marketing; Branding,Cloud Computing,Creative,Diploma,Digital Marketer
Android; Kotlin,Marketing,Creative,UG,Android Developer
Linux; Bash; DevOps,Mobile Development,Analytical,UG,DevOps Engineer
Flutter; Dart,Web Development,Logical,Diploma,Mobile App Developer
Android; Kotlin,Mobile Development,Logical,PG,Android Developer
TensorFlow; Python,Cloud Computing,Logical,UG,ML Engineer
Statistics; Python,Machine Learning,Analytical,Diploma,Data Scientist
Java; Android,Machine Learning,Social,Diploma,Android Developer
Linux; Bash; DevOps,Programming,Social,UG,DevOps Engineer
Android; Kotlin,Web Development,Logical,Diploma,Android Developer
PyTorch; Neural Networks,Web Development,Creative,PG,ML Engineer
SEO; Content Writing,Marketing,Analytical,UG,Digital Marketer
TensorFlow; Python,Programming,Social,PG,ML Engineer
Statistics; Python,Mobile Development,Creative,Diploma,Data Scientist
Wireframing; User Research,Data Analysis,Creative,PG,UI/UX Designer
CI/CD; Jenkins,DevOps,Creative,PG,DevOps Engineer
Photoshop; Illustrator,Machine Learning,Analytical,Diploma,UI/UX Designer
Wireframing; User Research,Mobile Development,Logical,UG,UI/UX Designer
MERN Stack,Web Development,Creative,Diploma,Web Developer
Python; Data Analysis,Mobile Development,Social,Diploma,Data Scientist
Python; Pandas; NumPy,Marketing,Creative,PG,Data Scientist
Java; Spring,Web Development,Creative,PG,Software Engineer
Google Ads; Analytics,Web Development,Logical,UG,Digital Marketer
PyTorch; Neural Networks,Programming,Logical,UG,ML Engineer
Android; Flutter,Data Analysis,Social,Diploma,Mobile App Developer
NextJS; JavaScript,Marketing,Analytical,Diploma,Web Developer
Statistics; Python,Cloud Computing,Social,Diploma,Data Scientist
Python; Pandas; NumPy,App Development,Analytical,PG,Data Scientist
Photoshop; Illustrator,App Development,Social,PG,UI/UX Designer
Social Media Marketing,Cloud Computing,Analytical,PG,Digital Marketer
Figma; Prototyping,Web Development,Analytical,Diploma,UI/UX Designer
Python; ML Algorithms,DevOps,Creative,Diploma,ML Engineer
Python; Pandas; NumPy,Marketing,Analytical,Diploma,Data Scientist
HTML; CSS; JavaScript,Programming,Logical,PG,Web Developer
Android; Flutter,DevOps,Logical,UG,Mobile App Developer
Google Ads; Analytics,Marketing,Social,UG,Digital Marketer
Figma; Prototyping,Designing,Social,Diploma,UI/UX Designer
Social Media Marketing,Mobile Development,Creative,PG,Digital Marketer
TensorFlow; Python,Designing,Creative,Diploma,ML Engineer
Android; Flutter,App Development,Social,Diploma,Mobile App Developer
CI/CD; Jenkins,Designing,Social,PG,DevOps Engineer
React Native; JavaScript,App Development,Analytical,PG,Mobile App Developer
Python; Pandas; NumPy,Marketing,Social,Diploma,Data Scientist
React; NodeJS,Data Analysis,Creative,UG,Web Developer
CI/CD; Jenkins,App Development,Creative,UG,DevOps Engineer
AWS; Cloud,Mobile Development,Logical,PG,Cloud Engineer
Python; ML Algorithms,Machine Learning,Creative,UG,ML Engineer
NextJS; JavaScript,Marketing,Analytical,PG,Web Developer
Machine Learning; Python,Marketing,Logical,PG,Data Scientist
Java; Spring,App Development,Logical,Diploma,Software Engineer
Google Ads; Analytics,App Development,Logical,UG,Digital Marketer
TensorFlow; Python,Marketing,Analytical,Diploma,ML Engineer
Java; Android,DevOps,Social,PG,Android Developer
Google Ads; Analytics,DevOps,Social,Diploma,Digital Marketer
Wireframing; User Research,Cloud Computing,Analytical,PG,UI/UX Designer
Android; Flutter,Cloud Computing,Creative,PG,Mobile App Developer
Android; Kotlin,Data Analysis,Analytical,UG,Android Developer
SEO; Content Writing,Marketing,Social,PG,Digital Marketer
Wireframing; User Research,Marketing,Social,UG,UI/UX Designer
Java; Spring,Web Development,Logical,PG,Software Engineer
Flutter; Dart,Programming,Creative,Diploma,Mobile App Developer
React Native; JavaScript,Web Development,Social,PG,Mobile App Developer
GCP; Cloud Architecture,Web Development,Analytical,Diploma,Cloud Engineer
Android; Flutter,Machine Learning,Analytical,UG,Mobile App Developer
Docker; Kubernetes,Programming,Logical,UG,DevOps Engineer
C++; DSA,Programming,Logical,PG,Software Engineer
React Native; JavaScript,Mobile Development,Logical,UG,Mobile App Developer
Wireframing; User Research,Designing,Social,Diploma,UI/UX Designer
Azure; Cloud Security,Machine Learning,Creative,Diploma,Cloud Engineer
Azure; Cloud Security,Web Development,Social,PG,Cloud Engineer
CI/CD; Jenkins,Marketing,Logical,Diploma,DevOps Engineer
Git; GitHub,Mobile Development,Analytical,PG,Software Engineer
C++; DSA,Web Development,Social,PG,Software Engineer
AWS; Cloud,Marketing,Analytical,PG,Cloud Engineer
HTML; CSS; JavaScript,Programming,Logical,PG,Web Developer
Python; ML Algorithms,App Development,Analytical,PG,ML Engineer
Python; SQL; PowerBI,Machine Learning,Analytical,PG,Data Scientist
Google Ads; Analytics,Data Analysis,Logical,PG,Digital Marketer
Photoshop; Illustrator,Cloud Computing,Creative,UG,UI/UX Designer
Python; ML Algorithms,Cloud Computing,Logical,Diploma,ML Engineer
React Native; JavaScript,Designing,Social,UG,Mobile App Developer
Git; GitHub,Mobile Development,Social,PG,Software Engineer
Python; ML Algorithms,App Development,Logical,UG,ML Engineer
React Native; JavaScript,Marketing,Creative,Diploma,Mobile App Developer
Java; Spring,Cloud Computing,Analytical,Diploma,Software Engineer
AWS; Cloud,DevOps,Social,Diploma,Cloud Engineer
Google Ads; Analytics,Designing,Analytical,Diploma,Digital Marketer
Flutter; Dart,Web Development,Logical,PG,Mobile App Developer
Statistics; Python,DevOps,Logical,Diploma,Data Scientist
AWS; Cloud,Web Development,Logical,UG,Cloud Engineer
PyTorch; Neural Networks,Marketing,Analytical,UG,ML Engineer
Figma; Prototyping,Cloud Computing,Analytical,PG,UI/UX Designer
Android; Kotlin,Marketing,Creative,PG,Android Developer
PyTorch; Neural Networks,Designing,Creative,Diploma,ML Engineer
Android; Flutter,Marketing,Logical,Diploma,Mobile App Developer
AWS; Cloud,Data Analysis,Analytical,Diploma,Cloud Engineer
Android; Flutter,Cloud Computing,Creative,PG,Mobile App Developer
CI/CD; Jenkins,Machine Learning,Analytical,UG,DevOps Engineer
NextJS; JavaScript,Programming,Social,PG,Web Developer
SEO; Content Writing,Marketing,Analytical,UG,Digital Marketer
Wireframing; User Research,DevOps,Analytical,UG,UI/UX Designer
Android Studio; Kotlin,Programming,Social,UG,Android Developer
NextJS; JavaScript,Programming,Social,PG,Web Developer
Social Media Marketing,Data Analysis,Analytical,PG,Digital Marketer
CI/CD; Jenkins,Marketing,Analytical,PG,DevOps Engineer
Docker; Kubernetes,Machine Learning,Creative,Diploma,DevOps Engineer
Java; Spring,DevOps,Creative,UG,Software Engineer
Statistics; Python,Designing,Creative,PG,Data Scientist
Android; Flutter,Mobile Development,Analytical,UG,Mobile App Developer
GCP; Cloud Architecture,App Development,Analytical,PG,Cloud Engineer
GCP; Cloud Architecture,DevOps,Social,UG,Cloud Engineer
Photoshop; Illustrator,Machine Learning,Analytical,Diploma,UI/UX Designer
Azure; Cloud Security,Designing,Creative,PG,Cloud Engineer
Azure; Cloud Security,Data Analysis,Social,Diploma,Cloud Engineer
Android Studio; Kotlin,Web Development,Creative,UG,Android Developer
PyTorch; Neural Networks,Cloud Computing,Social,PG,ML Engineer
React; NodeJS,Mobile Development,Creative,Diploma,Web Developer
Figma; Prototyping,Data Analysis,Logical,UG,UI/UX Designer
React; NodeJS,Cloud Computing,Analytical,PG,Web Developer
Wireframing; User Research,Machine Learning,Social,UG,UI/UX Designer
Linux; Bash; DevOps,Mobile Development,Logical,Diploma,DevOps Engineer
MERN Stack,App Development,Logical,UG,Web Developer
Java; Spring,DevOps,Analytical,PG,Software Engineer
Google Ads; Analytics,Mobile Development,Logical,Diploma,Digital Marketer
Java; Android,DevOps,Analytical,PG,Android Developer
Docker; Kubernetes,DevOps,Analytical,UG,DevOps Engineer
AWS; Cloud,Designing,Logical,PG,Cloud Engineer
Java; Android,Mobile Development,Creative,UG,Android Developer
Email Marketing; Branding,Machine Learning,Creative,Diploma,Digital Marketer
Photoshop; Illustrator,Machine Learning,Social,UG,UI/UX Designer
Android Studio; Kotlin,Web Development,Social,UG,Android Developer
Deep Learning; Python,Designing,Creative,Diploma,ML Engineer
GCP; Cloud Architecture,Machine Learning,Logical,Diploma,Cloud Engineer
Photoshop; Illustrator,Cloud Computing,Analytical,PG,UI/UX Designer
AWS; Cloud,Marketing,Logical,Diploma,Cloud Engineer
Google Ads; Analytics,DevOps,Analytical,Diploma,Digital Marketer
Wireframing; User Research,Programming,Creative,UG,UI/UX Designer
Android Studio; Kotlin,DevOps,Logical,UG,Android Developer
GCP; Cloud Architecture,Marketing,Analytical,PG,Cloud Engineer
Python; OOP,Marketing,Logical,Diploma,Software Engineer
HTML; CSS; JavaScript,Marketing,Creative,Diploma,Web Developer
Python; ML Algorithms,Marketing,Creative,UG,ML Engineer
Python; ML Algorithms,DevOps,Social,Diploma,ML Engineer
Azure; Cloud Security,Web Development,Social,PG,Cloud Engineer
Linux; Bash; DevOps,Cloud Computing,Logical,PG,DevOps Engineer
C++; DSA,Data Analysis,Analytical,UG,Software Engineer
Wireframing; User Research,Web Development,Social,UG,UI/UX Designer
Python; ML Algorithms,DevOps,Logical,UG,ML Engineer
Social Media Marketing,Data Analysis,Logical,UG,Digital Marketer
Email Marketing; Branding,Mobile Development,Creative,PG,Digital Marketer
Docker; Kubernetes,Programming,Creative,UG,DevOps Engineer
TensorFlow; Python,Web Development,Analytical,Diploma,ML Engineer
Docker; Kubernetes,Marketing,Logical,UG,DevOps Engineer
Android; Kotlin,Marketing,Logical,UG,Android Developer
CI/CD; Jenkins,Web Development,Logical,PG,DevOps Engineer
Flutter; Dart,Web Development,Analytical,Diploma,Mobile App Developer
Python; ML Algorithms,Cloud Computing,Creative,Diploma,ML Engineer
Azure; Cloud Security,Data Analysis,Social,UG,Cloud Engineer
SEO; Content Writing,Cloud Computing,Social,PG,Digital Marketer
Python; OOP,Machine Learning,Social,Diploma,Software Engineer
Java; Android,Programming,Logical,UG,Android Developer
Git; GitHub,Data Analysis,Social,PG,Software Engineer
Azure; Cloud Security,App Development,Social,PG,Cloud Engineer
MERN Stack,Designing,Logical,UG,Web Developer
Statistics; Python,Machine Learning,Social,UG,Data Scientist
Docker; Kubernetes,Designing,Social,Diploma,DevOps Engineer
Social Media Marketing,DevOps,Social,PG,Digital Marketer
Docker; Kubernetes,Data Analysis,Logical,Diploma,DevOps Engineer
Android Studio; Kotlin,Designing,Social,Diploma,Android Developer
Java; Android,Mobile Development,Logical,PG,Android Developer
React Native; JavaScript,Designing,Logical,UG,Mobile App Developer
Git; GitHub,Cloud Computing,Logical,PG,Software Engineer
CI/CD; Jenkins,Cloud Computing,Social,PG,DevOps Engineer
React; NodeJS,DevOps,Creative,Diploma,Web Developer
Flutter; Dart,App Development,Creative,UG,Mobile App Developer
CI/CD; Jenkins,DevOps,Logical,PG,DevOps Engineer
Statistics; Python,Cloud Computing,Logical,UG,Data Scientist
Wireframing; User Research,Web Development,Analytical,Diploma,UI/UX Designer
Canva; UI Design,Web Development,Analytical,Diploma,UI/UX Designer
TensorFlow; Python,Cloud Computing,Creative,UG,ML Engineer
AWS; Cloud,Cloud Computing,Logical,PG,Cloud Engineer
Python; ML Algorithms,DevOps,Social,Diploma,ML Engineer
Python; Pandas; NumPy,Mobile Development,Analytical,UG,Data Scientist
PyTorch; Neural Networks,Mobile Development,Analytical,Diploma,ML Engineer
MERN Stack,Machine Learning,Creative,UG,Web Developer
Statistics; Python,Web Development,Analytical,PG,Data Scientist
C++; DSA,Designing,Creative,PG,Software Engineer
Java; Spring,Designing,Social,Diploma,Software Engineer
Java; Android,Marketing,Creative,PG,Android Developer
PyTorch; Neural Networks,App Development,Creative,PG,ML Engineer
HTML; CSS; JavaScript,Designing,Social,Diploma,Web Developer
Python; SQL; PowerBI,Cloud Computing,Logical,Diploma,Data Scientist
React Native; JavaScript,Machine Learning,Logical,UG,Mobile App Developer
Java; Spring,Designing,Social,UG,Software Engineer
MERN Stack,Machine Learning,Analytical,PG,Web Developer
PyTorch; Neural Networks,DevOps,Creative,UG,ML Engineer
React; NodeJS,App Development,Creative,Diploma,Web Developer
Python; ML Algorithms,Marketing,Creative,PG,ML Engineer
Android Studio; Kotlin,Web Development,Creative,PG,Android Developer
Java; Android,Cloud Computing,Analytical,PG,Android Developer
Wireframing; User Research,Designing,Analytical,Diploma,UI/UX Designer
Java; Android,DevOps,Social,UG,Android Developer
Email Marketing; Branding,Marketing,Logical,UG,Digital Marketer
MERN Stack,Designing,Social,Diploma,Web Developer
Flutter; Dart,Designing,Logical,UG,Mobile App Developer
Statistics; Python,Marketing,Analytical,Diploma,Data Scientist
Photoshop; Illustrator,Machine Learning,Logical,Diploma,UI/UX Designer
Python; SQL; PowerBI,Marketing,Logical,UG,Data Scientist
Linux; Bash; DevOps,Web Development,Logical,UG,DevOps Engineer
Canva; UI Design,Cloud Computing,Analytical,PG,UI/UX Designer
MERN Stack,Data Analysis,Creative,UG,Web Developer
Python; SQL; PowerBI,Cloud Computing,Social,UG,Data Scientist
PyTorch; Neural Networks,Machine Learning,Analytical,UG,ML Engineer
Java; Android,App Development,Social,PG,Android Developer
Android Studio; Kotlin,Machine Learning,Creative,PG,Android Developer
Figma; Prototyping,Designing,Creative,UG,UI/UX Designer
React Native; JavaScript,Data Analysis,Logical,UG,Mobile App Developer
MERN Stack,Mobile Development,Analytical,Diploma,Web Developer
NextJS; JavaScript,App Development,Logical,PG,Web Developer
Flutter; Dart,Data Analysis,Logical,UG,Mobile App Developer
MERN Stack,Web Development,Social,PG,Web Developer
Android; Flutter,App Development,Analytical,Diploma,Mobile App Developer
Android; Flutter,Programming,Social,Diploma,Mobile App Developer
Git; GitHub,Data Analysis,Creative,PG,Software Engineer
SEO; Content Writing,App Development,Analytical,Diploma,Digital Marketer
Java; Spring,Web Development,Logical,PG,Software Engineer
Android; Kotlin,App Development,Creative,UG,Android Developer
CI/CD; Jenkins,DevOps,Logical,Diploma,DevOps Engineer
Flutter; Dart,Machine Learning,Social,UG,Mobile App Developer
Canva; UI Design,Marketing,Logical,UG,UI/UX Designer
Android; Kotlin,App Development,Analytical,UG,Android Developer
CI/CD; Jenkins,Marketing,Logical,PG,DevOps Engineer
SEO; Content Writing,Marketing,Creative,PG,Digital Marketer
Java; Spring,Designing,Creative,Diploma,Software Engineer
C++; DSA,DevOps,Analytical,PG,Software Engineer
Python; ML Algorithms,Designing,Logical,Diploma,ML Engineer
React; NodeJS,Programming,Analytical,Diploma,Web Developer
Python; Data Analysis,Designing,Analytical,UG,Data Scientist
Flutter; Dart,DevOps,Analytical,UG,Mobile App Developer
Wireframing; User Research,DevOps,Analytical,UG,UI/UX Designer
React Native; JavaScript,Marketing,Analytical,Diploma,Mobile App Developer
Python; Pandas; NumPy,Web Development,Analytical,UG,Data Scientist
Email Marketing; Branding,DevOps,Logical,Diploma,Digital Marketer
Canva; UI Design,Mobile Development,Analytical,Diploma,UI/UX Designer
Python; OOP,Web Development,Social,UG,Software Engineer
Wireframing; User Research,Cloud Computing,Creative,PG,UI/UX Designer
AWS; Cloud,Data Analysis,Logical,PG,Cloud Engineer
Canva; UI Design,DevOps,Social,PG,UI/UX Designer
Java; Android,Data Analysis,Creative,PG,Android Developer
Google Ads; Analytics,Data Analysis,Social,PG,Digital Marketer
Java; Android,DevOps,Creative,PG,Android Developer
Flutter; Dart,DevOps,Creative,UG,Mobile App Developer
Deep Learning; Python,DevOps,Social,Diploma,ML Engineer
Android; Kotlin,Data Analysis,Logical,UG,Android Developer
Flutter; Dart,Programming,Creative,Diploma,Mobile App Developer
TensorFlow; Python,Mobile Development,Creative,UG,ML Engineer
MERN Stack,Machine Learning,Analytical,UG,Web Developer
Google Ads; Analytics,Designing,Social,PG,Digital Marketer
MERN Stack,DevOps,Analytical,PG,Web Developer
C++; DSA,Mobile Development,Logical,PG,Software Engineer
Python; OOP,Data Analysis,Social,Diploma,Software Engineer
Python; Data Analysis,Web Development,Analytical,UG,Data Scientist
Android; Kotlin,Mobile Development,Creative,Diploma,Android Developer
SEO; Content Writing,Web Development,Social,UG,Digital Marketer
Deep Learning; Python,Web Development,Analytical,PG,ML Engineer
Java; Spring,Data Analysis,Logical,PG,Software Engineer
TensorFlow; Python,Cloud Computing,Analytical,Diploma,ML Engineer
C++; DSA,Programming,Logical,PG,Software Engineer
GCP; Cloud Architecture,Data Analysis,Creative,UG,Cloud Engineer
Android; Kotlin,Programming,Logical,UG,Android Developer
NextJS; JavaScript,Programming,Logical,PG,Web Developer
AWS; Cloud,Designing,Social,Diploma,Cloud Engineer
SEO; Content Writing,Marketing,Logical,UG,Digital Marketer
MERN Stack,Marketing,Creative,Diploma,Web Developer
PyTorch; Neural Networks,Web Development,Creative,Diploma,ML Engineer
GCP; Cloud Architecture,Machine Learning,Social,PG,Cloud Engineer
React Native; JavaScript,Web Development,Social,PG,Mobile App Developer
Android; Kotlin,Data Analysis,Logical,Diploma,Android Developer
C++; DSA,Machine Learning,Analytical,PG,Software Engineer
Android; Flutter,Mobile Development,Logical,Diploma,Mobile App Developer
NextJS; JavaScript,DevOps,Logical,Diploma,Web Developer
MERN Stack,Machine Learning,Analytical,Diploma,Web Developer
Flutter; Dart,Mobile Development,Social,Diploma,Mobile App Developer
HTML; CSS; JavaScript,Web Development,Logical,PG,Web Developer
AWS; Cloud,Cloud Computing,Creative,PG,Cloud Engineer
SEO; Content Writing,Web Development,Logical,Diploma,Digital Marketer
Python; ML Algorithms,Marketing,Creative,PG,ML Engineer
Wireframing; User Research,Mobile Development,Social,PG,UI/UX Designer
Email Marketing; Branding,Designing,Analytical,PG,Digital Marketer
NextJS; JavaScript,Cloud Computing,Social,Diploma,Web Developer
Flutter; Dart,Programming,Logical,UG,Mobile App Developer
Docker; Kubernetes,Designing,Logical,PG,DevOps Engineer
Java; Android,DevOps,Logical,Diploma,Android Developer
Statistics; Python,Cloud Computing,Social,Diploma,Data Scientist
React Native; JavaScript,DevOps,Analytical,PG,Mobile App Developer
Android Studio; Kotlin,App Development,Logical,PG,Android Developer
GCP; Cloud Architecture,Marketing,Logical,Diploma,Cloud Engineer
Statistics; Python,DevOps,Analytical,Diploma,Data Scientist
Android; Kotlin,Data Analysis,Analytical,UG,Android Developer
Linux; Bash; DevOps,Machine Learning,Social,PG,DevOps Engineer
AWS; Cloud,App Development,Creative,PG,Cloud Engineer
Java; Spring,Machine Learning,Creative,UG,Software Engineer
Linux; Bash; DevOps,Programming,Creative,PG,DevOps Engineer
Photoshop; Illustrator,Web Development,Creative,UG,UI/UX Designer
CI/CD; Jenkins,Mobile Development,Social,UG,DevOps Engineer
GCP; Cloud Architecture,Cloud Computing,Social,PG,Cloud Engineer
Docker; Kubernetes,App Development,Social,Diploma,DevOps Engineer
Linux; Bash; DevOps,Mobile Development,Analytical,PG,DevOps Engineer
Social Media Marketing,DevOps,Creative,UG,Digital Marketer
Docker; Kubernetes,Marketing,Analytical,UG,DevOps Engineer
PyTorch; Neural Networks,Data Analysis,Logical,PG,ML Engineer
Python; SQL; PowerBI,Machine Learning,Logical,Diploma,Data Scientist
Git; GitHub,Machine Learning,Social,UG,Software Engineer
Azure; Cloud Security,Programming,Analytical,Diploma,Cloud Engineer
Flutter; Dart,Designing,Social,PG,Mobile App Developer
Android Studio; Kotlin,DevOps,Social,Diploma,Android Developer
Social Media Marketing,App Development,Social,PG,Digital Marketer
HTML; CSS; JavaScript,App Development,Creative,UG,Web Developer
Android; Kotlin,Cloud Computing,Analytical,UG,Android Developer
Java; Spring,Programming,Social,UG,Software Engineer
Flutter; Dart,Marketing,Analytical,UG,Mobile App Developer
Python; ML Algorithms,App Development,Logical,PG,ML Engineer
HTML; CSS; JavaScript,Web Development,Creative,UG,Web Developer
Python; Pandas; NumPy,Mobile Development,Creative,UG,Data Scientist
Photoshop; Illustrator,Designing,Creative,Diploma,UI/UX Designer
Java; Android,DevOps,Logical,UG,Android Developer
Linux; Bash; DevOps,DevOps,Creative,UG,DevOps Engineer
MERN Stack,Web Development,Analytical,PG,Web Developer
Python; Pandas; NumPy,Cloud Computing,Logical,Diploma,Data Scientist
Canva; UI Design,App Development,Creative,Diploma,UI/UX Designer
Python; OOP,Web Development,Logical,Diploma,Software Engineer
Android Studio; Kotlin,Cloud Computing,Analytical,Diploma,Android Developer
Email Marketing; Branding,Marketing,Logical,UG,Digital Marketer
Android; Kotlin,Cloud Computing,Analytical,PG,Android Developer
Social Media Marketing,App Development,Analytical,PG,Digital Marketer
AWS; Cloud,Mobile Development,Creative,Diploma,Cloud Engineer
React; NodeJS,Programming,Creative,Diploma,Web Developer
Figma; Prototyping,App Development,Analytical,PG,UI/UX Designer
TensorFlow; Python,Programming,Logical,Diploma,ML Engineer
Android; Kotlin,App Development,Creative,PG,Android Developer
Deep Learning; Python,DevOps,Logical,UG,ML Engineer
SEO; Content Writing,Mobile Development,Social,Diploma,Digital Marketer
GCP; Cloud Architecture,Web Development,Social,Diploma,Cloud Engineer
Python; SQL; PowerBI,Machine Learning,Analytical,PG,Data Scientist
TensorFlow; Python,Data Analysis,Analytical,Diploma,ML Engineer
TensorFlow; Python,Cloud Computing,Social,UG,ML Engineer
HTML; CSS; JavaScript,DevOps,Analytical,PG,Web Developer
SEO; Content Writing,Programming,Logical,UG,Digital Marketer
SEO; Content Writing,Cloud Computing,Creative,UG,Digital Marketer
Android Studio; Kotlin,Data Analysis,Creative,Diploma,Android Developer
Figma; Prototyping,Programming,Logical,PG,UI/UX Designer
Android; Flutter,Cloud Computing,Creative,UG,Mobile App Developer
Photoshop; Illustrator,Designing,Creative,Diploma,UI/UX Designer
PyTorch; Neural Networks,Programming,Logical,Diploma,ML Engineer
Linux; Bash; DevOps,Marketing,Analytical,Diploma,DevOps Engineer
Python; Data Analysis,Programming,Logical,Diploma,Data Scientist
Android; Flutter,Cloud Computing,Creative,Diploma,Mobile App Developer
Deep Learning; Python,App Development,Creative,PG,ML Engineer
MERN Stack,Programming,Logical,PG,Web Developer
Canva; UI Design,DevOps,Analytical,UG,UI/UX Designer
SEO; Content Writing,Web Development,Creative,Diploma,Digital Marketer
Docker; Kubernetes,Designing,Analytical,PG,DevOps Engineer
GCP; Cloud Architecture,Web Development,Creative,UG,Cloud Engineer
Wireframing; User Research,App Development,Creative,PG,UI/UX Designer
Google Ads; Analytics,App Development,Logical,Diploma,Digital Marketer
Python; SQL; PowerBI,Machine Learning,Social,PG,Data Scientist
Java; Android,Data Analysis,Social,UG,Android Developer
React; NodeJS,DevOps,Social,UG,Web Developer
Figma; Prototyping,Mobile Development,Social,PG,UI/UX Designer
Python; OOP,Mobile Development,Creative,UG,Software Engineer
Docker; Kubernetes,Mobile Development,Creative,Diploma,DevOps Engineer
Git; GitHub,Cloud Computing,Logical,UG,Software Engineer
Machine Learning; Python,Web Development,Social,Diploma,Data Scientist
Email Marketing; Branding,Machine Learning,Analytical,Diploma,Digital Marketer
Python; OOP,Cloud Computing,Analytical,UG,Software Engineer
Android; Flutter,Cloud Computing,Logical,Diploma,Mobile App Developer
Android; Flutter,DevOps,Creative,Diploma,Mobile App Developer
PyTorch; Neural Networks,Web Development,Social,PG,ML Engineer
Java; Spring,App Development,Creative,PG,Software Engineer
Docker; Kubernetes,Mobile Development,Social,PG,DevOps Engineer
AWS; Cloud,Web Development,Social,UG,Cloud Engineer
Email Marketing; Branding,App Development,Analytical,UG,Digital Marketer
Java; Spring,Designing,Social,Diploma,Software Engineer
CI/CD; Jenkins,Marketing,Creative,UG,DevOps Engineer
Email Marketing; Branding,Programming,Analytical,Diploma,Digital Marketer
Linux; Bash; DevOps,Machine Learning,Analytical,UG,DevOps Engineer
Android; Flutter,DevOps,Logical,Diploma,Mobile App Developer
Java; Spring,DevOps,Logical,UG,Software Engineer
Python; SQL; PowerBI,Marketing,Social,Diploma,Data Scientist
NextJS; JavaScript,Marketing,Analytical,PG,Web Developer
MERN Stack,Machine Learning,Analytical,UG,Web Developer
Java; Android,Mobile Development,Creative,Diploma,Android Developer
NextJS; JavaScript,DevOps,Social,PG,Web Developer
Python; ML Algorithms,Machine Learning,Creative,PG,ML Engineer
Social Media Marketing,Designing,Social,UG,Digital Marketer
PyTorch; Neural Networks,Programming,Logical,PG,ML Engineer
Linux; Bash; DevOps,Designing,Logical,UG,DevOps Engineer
Android; Flutter,Data Analysis,Creative,Diploma,Mobile App Developer
React Native; JavaScript,App Development,Creative,Diploma,Mobile App Developer
Azure; Cloud Security,Programming,Creative,Diploma,Cloud Engineer
Git; GitHub,Web Development,Social,Diploma,Software Engineer
Python; ML Algorithms,DevOps,Analytical,UG,ML Engineer
Wireframing; User Research,Marketing,Analytical,Diploma,UI/UX Designer
Statistics; Python,Web Development,Social,PG,Data Scientist
Machine Learning; Python,DevOps,Analytical,Diploma,Data Scientist
NextJS; JavaScript,Web Development,Creative,Diploma,Web Developer
TensorFlow; Python,Marketing,Social,UG,ML Engineer
Canva; UI Design,Mobile Development,Creative,Diploma,UI/UX Designer
Flutter; Dart,Designing,Social,UG,Mobile App Developer
Python; ML Algorithms,Marketing,Logical,Diploma,ML Engineer
Android; Flutter,Programming,Analytical,UG,Mobile App Developer
Python; OOP,Web Development,Social,Diploma,Software Engineer
Android; Flutter,Mobile Development,Analytical,PG,Mobile App Developer
MERN Stack,Mobile Development,Social,PG,Web Developer
Flutter; Dart,Mobile Development,Creative,UG,Mobile App Developer
SEO; Content Writing,Machine Learning,Analytical,PG,Digital Marketer
TensorFlow; Python,Cloud Computing,Social,UG,ML Engineer
Android Studio; Kotlin,Cloud Computing,Analytical,UG,Android Developer
Azure; Cloud Security,Programming,Analytical,Diploma,Cloud Engineer
Java; Android,Mobile Development,Logical,UG,Android Developer
Machine Learning; Python,Machine Learning,Creative,Diploma,Data Scientist
Python; ML Algorithms,Web Development,Logical,UG,ML Engineer
Python; Data Analysis,Data Analysis,Creative,UG,Data Scientist
NextJS; JavaScript,Mobile Development,Social,UG,Web Developer
TensorFlow; Python,Data Analysis,Logical,Diploma,ML Engineer
Java; Android,Marketing,Social,PG,Android Developer
Figma; Prototyping,Web Development,Social,Diploma,UI/UX Designer
React Native; JavaScript,Programming,Logical,Diploma,Mobile App Developer
Flutter; Dart,Marketing,Analytical,Diploma,Mobile App Developer
Java; Android,Designing,Creative,PG,Android Developer
Java; Android,Marketing,Logical,Diploma,Android Developer
React Native; JavaScript,Machine Learning,Creative,UG,Mobile App Developer
Wireframing; User Research,Cloud Computing,Social,PG,UI/UX Designer
Linux; Bash; DevOps,App Development,Creative,PG,DevOps Engineer
Azure; Cloud Security,Web Development,Logical,Diploma,Cloud Engineer
Docker; Kubernetes,Mobile Development,Analytical,PG,DevOps Engineer
React; NodeJS,Marketing,Creative,PG,Web Developer
React; NodeJS,App Development,Analytical,UG,Web Developer
Azure; Cloud Security,Machine Learning,Creative,PG,Cloud Engineer
Android Studio; Kotlin,Data Analysis,Social,Diploma,Android Developer
SEO; Content Writing,Marketing,Creative,PG,Digital Marketer
Python; ML Algorithms,Mobile Development,Social,Diploma,ML Engineer
Azure; Cloud Security,Designing,Logical,PG,Cloud Engineer
Python; Data Analysis,Data Analysis,Analytical,UG,Data Scientist
Python; Data Analysis,Machine Learning,Logical,UG,Data Scientist
Python; Pandas; NumPy,DevOps,Logical,Diploma,Data Scientist
SEO; Content Writing,Cloud Computing,Logical,Diploma,Digital Marketer
Photoshop; Illustrator,Data Analysis,Creative,Diploma,UI/UX Designer
Flutter; Dart,Programming,Analytical,PG,Mobile App Developer
Statistics; Python,Mobile Development,Analytical,UG,Data Scientist
Deep Learning; Python,Mobile Development,Social,UG,ML Engineer
Azure; Cloud Security,Cloud Computing,Analytical,PG,Cloud Engineer
Photoshop; Illustrator,Mobile Development,Social,UG,UI/UX Designer
Wireframing; User Research,DevOps,Creative,PG,UI/UX Designer
Photoshop; Illustrator,Mobile Development,Analytical,Diploma,UI/UX Designer
Java; Spring,DevOps,Analytical,UG,Software Engineer
Java; Spring,Web Development,Logical,Diploma,Software Engineer
Android; Flutter,DevOps,Social,UG,Mobile App Developer
PyTorch; Neural Networks,Data Analysis,Logical,Diploma,ML Engineer
Figma; Prototyping,Designing,Logical,UG,UI/UX Designer
Android; Flutter,Mobile Development,Social,UG,Mobile App Developer
Machine Learning; Python,Web Development,Logical,PG,Data Scientist
Android; Kotlin,Designing,Analytical,UG,Android Developer
SEO; Content Writing,Data Analysis,Creative,PG,Digital Marketer
NextJS; JavaScript,Marketing,Creative,UG,Web Developer
Flutter; Dart,DevOps,Creative,Diploma,Mobile App Developer
CI/CD; Jenkins,Cloud Computing,Analytical,Diploma,DevOps Engineer
CI/CD; Jenkins,DevOps,Logical,PG,DevOps Engineer
HTML; CSS; JavaScript,Cloud Computing,Analytical,Diploma,Web Developer
SEO; Content Writing,Data Analysis,Creative,UG,Digital Marketer
Android Studio; Kotlin,Mobile Development,Logical,PG,Android Developer
HTML; CSS; JavaScript,DevOps,Social,UG,Web Developer
Python; ML Algorithms,App Development,Logical,UG,ML Engineer
AWS; Cloud,DevOps,Logical,Diploma,Cloud Engineer
Python; ML Algorithms,DevOps,Analytical,UG,ML Engineer
NextJS; JavaScript,Marketing,Logical,UG,Web Developer
HTML; CSS; JavaScript,Machine Learning,Creative,PG,Web Developer
Python; ML Algorithms,Cloud Computing,Logical,PG,ML Engineer
Azure; Cloud Security,Mobile Development,Creative,Diploma,Cloud Engineer
Python; ML Algorithms,Programming,Creative,PG,ML Engineer
Git; GitHub,App Development,Social,UG,Software Engineer
Statistics; Python,Web Development,Analytical,PG,Data Scientist
Machine Learning; Python,DevOps,Logical,UG,Data Scientist
Java; Android,App Development,Social,Diploma,Android Developer
Android; Flutter,DevOps,Analytical,UG,Mobile App Developer
Android; Kotlin,DevOps,Social,Diploma,Android Developer
Python; OOP,Machine Learning,Social,Diploma,Software Engineer
Flutter; Dart,Mobile Development,Social,PG,Mobile App Developer
Python; OOP,Programming,Analytical,PG,Software Engineer
Canva; UI Design,Designing,Creative,PG,UI/UX Designer
Wireframing; User Research,Web Development,Logical,PG,UI/UX Designer
Python; Pandas; NumPy,Marketing,Logical,PG,Data Scientist
NextJS; JavaScript,Web Development,Analytical,Diploma,Web Developer
SEO; Content Writing,Cloud Computing,Logical,Diploma,Digital Marketer
Android; Flutter,Machine Learning,Logical,UG,Mobile App Developer
Deep Learning; Python,Web Development,Analytical,Diploma,ML Engineer
Android Studio; Kotlin,DevOps,Social,PG,Android Developer
Linux; Bash; DevOps,Marketing,Creative,UG,DevOps Engineer
Azure; Cloud Security,DevOps,Logical,PG,Cloud Engineer
Google Ads; Analytics,Mobile Development,Creative,Diploma,Digital Marketer
Python; ML Algorithms,Data Analysis,Creative,Diploma,ML Engineer
AWS; Cloud,Marketing,Social,PG,Cloud Engineer
GCP; Cloud Architecture,Designing,Creative,Diploma,Cloud Engineer
React Native; JavaScript,Data Analysis,Analytical,PG,Mobile App Developer
CI/CD; Jenkins,Mobile Development,Social,Diploma,DevOps Engineer
PyTorch; Neural Networks,Cloud Computing,Creative,UG,ML Engineer
Azure; Cloud Security,Data Analysis,Logical,PG,Cloud Engineer
Machine Learning; Python,Mobile Development,Analytical,UG,Data Scientist
Java; Spring,Marketing,Social,UG,Software Engineer
Deep Learning; Python,App Development,Creative,PG,ML Engineer
Git; GitHub,Mobile Development,Analytical,UG,Software Engineer
Canva; UI Design,Web Development,Analytical,Diploma,UI/UX Designer
Linux; Bash; DevOps,Data Analysis,Analytical,PG,DevOps Engineer
Photoshop; Illustrator,Designing,Logical,PG,UI/UX Designer
Python; ML Algorithms,Mobile Development,Social,PG,ML Engineer
Git; GitHub,Designing,Social,UG,Software Engineer
NextJS; JavaScript,App Development,Creative,PG,Web Developer
React; NodeJS,Programming,Social,PG,Web Developer
Java; Android,Web Development,Social,PG,Android Developer
React; NodeJS,Mobile Development,Social,PG,Web Developer
Linux; Bash; DevOps,App Development,Logical,UG,DevOps Engineer
Social Media Marketing,Mobile Development,Creative,UG,Digital Marketer
Android; Kotlin,App Development,Logical,PG,Android Developer
Statistics; Python,Cloud Computing,Social,Diploma,Data Scientist
Linux; Bash; DevOps,DevOps,Analytical,Diploma,DevOps Engineer
Git; GitHub,Cloud Computing,Social,Diploma,Software Engineer
Python; ML Algorithms,DevOps,Analytical,PG,ML Engineer
SEO; Content Writing,Mobile Development,Analytical,PG,Digital Marketer
Python; Pandas; NumPy,Web Development,Social,UG,Data Scientist
Figma; Prototyping,DevOps,Social,UG,UI/UX Designer
Statistics; Python,Programming,Logical,Diploma,Data Scientist
Wireframing; User Research,Data Analysis,Analytical,Diploma,UI/UX Designer
AWS; Cloud,DevOps,Logical,Diploma,Cloud Engineer
Machine Learning; Python,Cloud Computing,Logical,Diploma,Data Scientist
Java; Spring,Cloud Computing,Logical,UG,Software Engineer
Android; Kotlin,App Development,Social,UG,Android Developer
C++; DSA,Marketing,Creative,UG,Software Engineer
Deep Learning; Python,Web Development,Creative,PG,ML Engineer
Statistics; Python,Mobile Development,Creative,UG,Data Scientist
GCP; Cloud Architecture,Web Development,Creative,UG,Cloud Engineer
Canva; UI Design,Cloud Computing,Logical,PG,UI/UX Designer
Python; OOP,Web Development,Analytical,Diploma,Software Engineer
GCP; Cloud Architecture,Cloud Computing,Analytical,PG,Cloud Engineer
Canva; UI Design,Data Analysis,Creative,PG,UI/UX Designer
Python; SQL; PowerBI,DevOps,Social,UG,Data Scientist
Python; ML Algorithms,Data Analysis,Creative,UG,ML Engineer
TensorFlow; Python,DevOps,Creative,PG,ML Engineer
C++; DSA,Machine Learning,Analytical,UG,Software Engineer
Photoshop; Illustrator,Marketing,Analytical,Diploma,UI/UX Designer
Java; Android,Programming,Social,UG,Android Developer
Android; Kotlin,Data Analysis,Logical,Diploma,Android Developer
NextJS; JavaScript,Cloud Computing,Analytical,Diploma,Web Developer
Python; Pandas; NumPy,Marketing,Social,PG,Data Scientist
Android; Flutter,Programming,Logical,UG,Mobile App Developer
Python; Data Analysis,Designing,Social,Diploma,Data Scientist
Deep Learning; Python,Marketing,Creative,UG,ML Engineer
Azure; Cloud Security,Web Development,Logical,UG,Cloud Engineer
Python; ML Algorithms,Cloud Computing,Analytical,Diploma,ML Engineer
Deep Learning; Python,Designing,Logical,UG,ML Engineer
Canva; UI Design,Marketing,Analytical,PG,UI/UX Designer
AWS; Cloud,Mobile Development,Creative,UG,Cloud Engineer
Python; SQL; PowerBI,App Development,Logical,Diploma,Data Scientist
Python; Pandas; NumPy,Marketing,Logical,UG,Data Scientist
Android; Flutter,Programming,Analytical,Diploma,Mobile App Developer
React; NodeJS,Designing,Creative,Diploma,Web Developer
Photoshop; Illustrator,Data Analysis,Social,PG,UI/UX Designer
Python; ML Algorithms,Programming,Social,PG,ML Engineer
Linux; Bash; DevOps,Cloud Computing,Social,Diploma,DevOps Engineer
Python; ML Algorithms,Programming,Social,PG,ML Engineer
Canva; UI Design,Cloud Computing,Analytical,PG,UI/UX Designer
Wireframing; User Research,App Development,Analytical,UG,UI/UX Designer
GCP; Cloud Architecture,DevOps,Logical,PG,Cloud Engineer
Email Marketing; Branding,Cloud Computing,Logical,Diploma,Digital Marketer
AWS; Cloud,Mobile Development,Analytical,PG,Cloud Engineer
Flutter; Dart,Designing,Creative,Diploma,Mobile App Developer
AWS; Cloud,Programming,Creative,PG,Cloud Engineer
C++; DSA,Designing,Analytical,UG,Software Engineer
Android; Flutter,App Development,Social,PG,Mobile App Developer
AWS; Cloud,Machine Learning,Social,PG,Cloud Engineer
Java; Android,Designing,Analytical,Diploma,Android Developer
Flutter; Dart,Machine Learning,Creative,PG,Mobile App Developer
Java; Android,Data Analysis,Creative,PG,Android Developer
Android; Flutter,Data Analysis,Creative,Diploma,Mobile App Developer
React; NodeJS,Cloud Computing,Creative,PG,Web Developer
Python; OOP,App Development,Social,UG,Software Engineer
Statistics; Python,Data Analysis,Social,PG,Data Scientist
C++; DSA,DevOps,Logical,PG,Software Engineer
PyTorch; Neural Networks,Mobile Development,Logical,UG,ML Engineer
AWS; Cloud,Programming,Social,Diploma,Cloud Engineer
Docker; Kubernetes,Cloud Computing,Logical,UG,DevOps Engineer
Python; ML Algorithms,Cloud Computing,Creative,PG,ML Engineer
Deep Learning; Python,Programming,Creative,Diploma,ML Engineer
Social Media Marketing,Programming,Analytical,PG,Digital Marketer
Azure; Cloud Security,Web Development,Social,Diploma,Cloud Engineer
GCP; Cloud Architecture,DevOps,Analytical,UG,Cloud Engineer
GCP; Cloud Architecture,DevOps,Logical,UG,Cloud Engineer
Machine Learning; Python,Designing,Logical,Diploma,Data Scientist
Photoshop; Illustrator,Designing,Analytical,UG,UI/UX Designer
Android; Kotlin,Marketing,Social,UG,Android Developer
Android; Kotlin,Programming,Creative,PG,Android Developer
PyTorch; Neural Networks,Data Analysis,Creative,PG,ML Engineer
React Native; JavaScript,DevOps,Social,Diploma,Mobile App Developer
Android; Flutter,Machine Learning,Logical,Diploma,Mobile App Developer
Java; Spring,DevOps,Social,Diploma,Software Engineer
SEO; Content Writing,Marketing,Social,Diploma,Digital Marketer
Android; Flutter,Data Analysis,Social,UG,Mobile App Developer
Git; GitHub,Web Development,Social,Diploma,Software Engineer
Canva; UI Design,App Development,Creative,UG,UI/UX Designer
CI/CD; Jenkins,Marketing,Logical,PG,DevOps Engineer
Git; GitHub,App Development,Social,PG,Software Engineer
AWS; Cloud,Designing,Logical,UG,Cloud Engineer
Figma; Prototyping,DevOps,Analytical,Diploma,UI/UX Designer
TensorFlow; Python,Cloud Computing,Analytical,Diploma,ML Engineer
PyTorch; Neural Networks,Cloud Computing,Creative,UG,ML Engineer
MERN Stack,Programming,Creative,UG,Web Developer
CI/CD; Jenkins,Web Development,Analytical,PG,DevOps Engineer
React; NodeJS,Data Analysis,Creative,UG,Web Developer
GCP; Cloud Architecture,Marketing,Analytical,UG,Cloud Engineer
Java; Android,Machine Learning,Logical,Diploma,Android Developer
AWS; Cloud,Web Development,Social,PG,Cloud Engineer
Android Studio; Kotlin,App Development,Creative,UG,Android Developer
Java; Android,App Development,Social,Diploma,Android Developer
Git; GitHub,Cloud Computing,Social,UG,Software Engineer
Java; Android,DevOps,Creative,UG,Android Developer
Azure; Cloud Security,Designing,Analytical,Diploma,Cloud Engineer
Photoshop; Illustrator,Designing,Logical,PG,UI/UX Designer
CI/CD; Jenkins,Mobile Development,Logical,UG,DevOps Engineer
Docker; Kubernetes,Web Development,Social,Diploma,DevOps Engineer
Email Marketing; Branding,Web Development,Logical,UG,Digital Marketer
Statistics; Python,DevOps,Creative,UG,Data Scientist
Java; Android,App Development,Social,UG,Android Developer
Git; GitHub,Mobile Development,Analytical,UG,Software Engineer
Google Ads; Analytics,Mobile Development,Analytical,PG,Digital Marketer
TensorFlow; Python,Mobile Development,Creative,Diploma,ML Engineer
Python; Pandas; NumPy,Machine Learning,Creative,Diploma,Data Scientist
Python; Pandas; NumPy,Machine Learning,Social,UG,Data Scientist
PyTorch; Neural Networks,App Development,Creative,Diploma,ML Engineer
Python; Pandas; NumPy,Designing,Logical,PG,Data Scientist
Azure; Cloud Security,App Development,Social,Diploma,Cloud Engineer
Android Studio; Kotlin,Marketing,Analytical,UG,Android Developer
Android Studio; Kotlin,Data Analysis,Creative,UG,Android Developer
React; NodeJS,Data Analysis,Logical,PG,Web Developer
C++; DSA,Mobile Development,Analytical,PG,Software Engineer
Docker; Kubernetes,Machine Learning,Creative,UG,DevOps Engineer
SEO; Content Writing,Cloud Computing,Social,UG,Digital Marketer
Python; ML Algorithms,Mobile Development,Logical,Diploma,ML Engineer
Java; Spring,Marketing,Creative,PG,Software Engineer
MERN Stack,Machine Learning,Logical,PG,Web Developer
Canva; UI Design,Mobile Development,Social,Diploma,UI/UX Designer
Android Studio; Kotlin,Data Analysis,Logical,UG,Android Developer
SEO; Content Writing,Designing,Logical,UG,Digital Marketer
Python; ML Algorithms,Machine Learning,Logical,UG,ML Engineer
GCP; Cloud Architecture,Cloud Computing,Logical,Diploma,Cloud Engineer
Statistics; Python,Data Analysis,Analytical,UG,Data Scientist
Python; Data Analysis,Mobile Development,Social,Diploma,Data Scientist
Statistics; Python,Data Analysis,Social,UG,Data Scientist
Azure; Cloud Security,Data Analysis,Analytical,Diploma,Cloud Engineer
Email Marketing; Branding,Marketing,Social,PG,Digital Marketer
CI/CD; Jenkins,Mobile Development,Creative,UG,DevOps Engineer
Java; Android,App Development,Creative,Diploma,Android Developer
HTML; CSS; JavaScript,Data Analysis,Creative,UG,Web Developer
PyTorch; Neural Networks,DevOps,Creative,Diploma,ML Engineer
Android; Kotlin,Web Development,Social,UG,Android Developer
Social Media Marketing,DevOps,Creative,UG,Digital Marketer
Canva; UI Design,Web Development,Creative,Diploma,UI/UX Designer
Docker; Kubernetes,Cloud Computing,Logical,PG,DevOps Engineer
Python; SQL; PowerBI,Cloud Computing,Social,UG,Data Scientist
Android Studio; Kotlin,Data Analysis,Logical,UG,Android Developer
AWS; Cloud,Programming,Analytical,Diploma,Cloud Engineer
C++; DSA,Programming,Creative,PG,Software Engineer
Canva; UI Design,Cloud Computing,Creative,Diploma,UI/UX Designer
Wireframing; User Research,Data Analysis,Social,UG,UI/UX Designer
React Native; JavaScript,Machine Learning,Logical,Diploma,Mobile App Developer
Azure; Cloud Security,Marketing,Social,Diploma,Cloud Engineer
GCP; Cloud Architecture,Mobile Development,Social,Diploma,Cloud Engineer
Android; Flutter,DevOps,Analytical,UG,Mobile App Developer
MERN Stack,Machine Learning,Social,UG,Web Developer
Android; Kotlin,Web Development,Analytical,Diploma,Android Developer
Wireframing; User Research,Cloud Computing,Analytical,PG,UI/UX Designer
Java; Spring,Web Development,Analytical,Diploma,Software Engineer
Flutter; Dart,Machine Learning,Analytical,UG,Mobile App Developer
Deep Learning; Python,Web Development,Analytical,PG,ML Engineer
Flutter; Dart,Data Analysis,Logical,PG,Mobile App Developer
React; NodeJS,Data Analysis,Creative,PG,Web Developer
HTML; CSS; JavaScript,Programming,Social,PG,Web Developer
C++; DSA,Cloud Computing,Logical,PG,Software Engineer
Social Media Marketing,Mobile Development,Logical,UG,Digital Marketer
